Rank,Tournament,School,G,W,L,W-L%,SRS,SOS,Unnamed: 9,W.1,L.1,Unnamed: 12,W.2,L.2,Unnamed: 15,W.3,L.3,Unnamed: 18,Tm.,Opp.,Unnamed: 21,MP,FG,FGA,FG%,3P,3PA,3P%,FT,FTA,FT%,ORB,TRB,AST,STL,BLK,TOV,PF,AST/game,Sweet16,Elite8,Final4,Final2,Champion,TOV/game
1,Yes,Abilene Christian,29,24,5,0.828,6.27,-6.37,,13.0,2.0,,13.0,0.0,,5.0,4.0,,2196.0,1753.0,,1160.0,786.0,1752.0,0.449,221.0,643.0,0.344,403.0,594.0,0.678,329.0,1047.0,513.0,282.0,86.0,394.0,554.0,17.689655172413794,No,No,No,No,No,13.6
2,No,Air Force,25,5,20,0.2,-12.98,0.22,,3.0,17.0,,3.0,8.0,,1.0,10.0,,1468.0,1798.0,,1000.0,522.0,1170.0,0.446,174.0,527.0,0.33,250.0,361.0,0.693,110.0,580.0,308.0,177.0,62.0,361.0,415.0,12.32,No,No,No,No,No,14.4
3,No,Akron,23,15,8,0.652,1.85,-1.96,,12.0,6.0,,9.0,1.0,,5.0,5.0,,1798.0,1660.0,,930.0,628.0,1415.0,0.444,217.0,652.0,0.333,325.0,429.0,0.758,262.0,895.0,305.0,113.0,84.0,271.0,413.0,13.26086956521739,No,No,No,No,No,11.8
4,Yes,Alabama,33,26,7,0.788,19.58,10.01,,16.0,2.0,,12.0,1.0,,7.0,3.0,,2629.0,2313.0,,1325.0,924.0,2125.0,0.435,348.0,989.0,0.352,433.0,612.0,0.708,408.0,1343.0,464.0,280.0,143.0,458.0,603.0,14.06060606060606,Yes,No,No,No,No,13.9
5,No,Alabama A&M,15,6,9,0.4,-18.86,-14.99,,4.0,9.0,,5.0,2.0,,1.0,7.0,,950.0,1008.0,,610.0,347.0,868.0,0.4,83.0,286.0,0.29,173.0,276.0,0.627,160.0,577.0,164.0,82.0,54.0,229.0,272.0,10.933333333333334,No,No,No,No,No,15.3
6,No,Alabama State,18,4,14,0.222,-24.28,-16.95,,4.0,14.0,,3.0,6.0,,1.0,8.0,,1156.0,1288.0,,720.0,383.0,1009.0,0.38,111.0,350.0,0.317,279.0,431.0,0.647,205.0,653.0,175.0,110.0,43.0,291.0,343.0,9.722222222222221,No,No,No,No,No,16.2
7,No,Albany (NY),16,7,9,0.438,-4.53,-5.22,,6.0,6.0,,4.0,5.0,,2.0,4.0,,1110.0,1099.0,,640.0,395.0,883.0,0.447,102.0,303.0,0.337,218.0,301.0,0.724,110.0,480.0,187.0,98.0,29.0,201.0,285.0,11.6875,No,No,No,No,No,12.6
8,No,Alcorn State,19,6,13,0.316,-19.58,-10.06,,6.0,7.0,,4.0,3.0,,2.0,9.0,,1256.0,1437.0,,760.0,435.0,1107.0,0.393,113.0,376.0,0.301,273.0,376.0,0.726,206.0,608.0,177.0,144.0,30.0,276.0,394.0,9.31578947368421,No,No,No,No,No,14.5
9,No,American,10,4,6,0.4,-6.32,-1.82,,4.0,5.0,,2.0,2.0,,2.0,4.0,,691.0,736.0,,420.0,248.0,557.0,0.445,90.0,238.0,0.378,105.0,149.0,0.705,78.0,326.0,128.0,73.0,47.0,158.0,193.0,12.8,No,No,No,No,No,15.8
10,Yes,Appalachian State,29,17,12,0.586,-5.84,-5.72,,7.0,8.0,,9.0,4.0,,4.0,7.0,,2039.0,1860.0,,1185.0,690.0,1688.0,0.409,233.0,737.0,0.316,426.0,574.0,0.742,319.0,1053.0,344.0,230.0,107.0,343.0,394.0,11.862068965517242,No,No,No,No,No,11.8
11,No,Arizona,26,17,9,0.654,15.02,8.18,,11.0,9.0,,12.0,4.0,,5.0,5.0,,1961.0,1783.0,,1050.0,667.0,1492.0,0.447,174.0,468.0,0.372,453.0,623.0,0.727,305.0,997.0,403.0,152.0,104.0,309.0,463.0,15.5,No,No,No,No,No,11.9
12,No,Arizona State,25,11,14,0.44,7.48,10.24,,7.0,10.0,,7.0,6.0,,2.0,6.0,,1858.0,1927.0,,1010.0,656.0,1515.0,0.433,179.0,537.0,0.333,367.0,504.0,0.728,196.0,797.0,327.0,182.0,82.0,274.0,478.0,13.08,No,No,No,No,No,11.0
13,Yes,Arkansas,32,25,7,0.781,17.8,7.18,,13.0,4.0,,16.0,1.0,,5.0,4.0,,2604.0,2264.0,,1285.0,935.0,2071.0,0.451,233.0,702.0,0.332,501.0,677.0,0.74,378.0,1271.0,466.0,251.0,158.0,412.0,540.0,14.5625,Yes,Yes,No,No,No,12.9
14,No,Arkansas State,24,11,13,0.458,-7.97,-5.87,,7.0,8.0,,9.0,3.0,,1.0,9.0,,1741.0,1667.0,,965.0,621.0,1390.0,0.447,154.0,402.0,0.383,345.0,478.0,0.722,265.0,892.0,347.0,158.0,68.0,313.0,385.0,14.458333333333334,No,No,No,No,No,13.0
15,No,Arkansas-Pine Bluff,25,4,21,0.16,-22.67,-7.79,,3.0,12.0,,2.0,3.0,,2.0,17.0,,1549.0,1921.0,,1010.0,524.0,1356.0,0.386,123.0,400.0,0.308,378.0,523.0,0.723,240.0,807.0,240.0,160.0,95.0,394.0,455.0,9.6,No,No,No,No,No,15.8
16,No,Army,22,12,10,0.545,0.06,0.63,,7.0,7.0,,5.0,5.0,,5.0,3.0,,1578.0,1529.0,,885.0,587.0,1286.0,0.456,172.0,527.0,0.326,232.0,364.0,0.637,178.0,761.0,316.0,138.0,32.0,275.0,342.0,14.363636363636363,No,No,No,No,No,12.5
17,No,Auburn,27,13,14,0.481,10.02,9.28,,7.0,11.0,,8.0,5.0,,3.0,8.0,,2084.0,2064.0,,1090.0,711.0,1628.0,0.437,245.0,751.0,0.326,417.0,589.0,0.708,348.0,1063.0,400.0,168.0,163.0,438.0,482.0,14.814814814814815,No,No,No,No,No,16.2
18,No,Austin Peay,27,14,13,0.519,-6.66,-8.22,,10.0,10.0,,8.0,5.0,,4.0,6.0,,2007.0,1890.0,,1090.0,733.0,1617.0,0.453,194.0,573.0,0.339,347.0,462.0,0.751,341.0,931.0,357.0,183.0,54.0,397.0,472.0,13.222222222222221,No,No,No,No,No,14.7
19,No,Ball State,23,10,13,0.435,-1.96,-1.22,,8.0,9.0,,7.0,4.0,,3.0,8.0,,1719.0,1736.0,,930.0,613.0,1384.0,0.443,195.0,570.0,0.342,298.0,397.0,0.751,229.0,848.0,318.0,126.0,55.0,330.0,441.0,13.826086956521738,No,No,No,No,No,14.3
20,Yes,Baylor,30,28,2,0.933,24.83,7.4,,13.0,1.0,,11.0,0.0,,7.0,1.0,,2487.0,1964.0,,1205.0,917.0,1886.0,0.486,299.0,724.0,0.413,354.0,500.0,0.708,374.0,1079.0,507.0,267.0,111.0,345.0,513.0,16.9,Yes,Yes,Yes,Yes,Yes,11.5
21,No,Bellarmine,22,14,8,0.636,-1.76,-5.56,,10.0,3.0,,6.0,4.0,,7.0,2.0,,1634.0,1456.0,,880.0,615.0,1211.0,0.508,143.0,381.0,0.375,261.0,345.0,0.757,171.0,667.0,342.0,160.0,50.0,245.0,342.0,15.545454545454545,No,No,No,No,No,11.1
22,No,Belmont,30,26,4,0.867,3.46,-8.71,,18.0,2.0,,11.0,1.0,,10.0,2.0,,2439.0,2074.0,,1205.0,894.0,1829.0,0.489,271.0,787.0,0.344,380.0,515.0,0.738,264.0,1072.0,547.0,232.0,87.0,361.0,438.0,18.233333333333334,No,No,No,No,No,12.0
23,No,Binghamton,18,4,14,0.222,-12.24,-5.35,,4.0,10.0,,1.0,9.0,,3.0,5.0,,1178.0,1302.0,,735.0,430.0,1039.0,0.414,156.0,472.0,0.331,162.0,241.0,0.672,191.0,642.0,199.0,90.0,55.0,250.0,307.0,11.055555555555555,No,No,No,No,No,13.9
24,No,Boise State,28,19,9,0.679,9.75,1.71,,14.0,6.0,,11.0,1.0,,6.0,6.0,,2122.0,1868.0,,1125.0,743.0,1634.0,0.455,220.0,635.0,0.346,416.0,566.0,0.735,253.0,995.0,378.0,183.0,80.0,328.0,478.0,13.5,No,No,No,No,No,11.7
25,No,Boston College,20,4,16,0.2,0.82,8.97,,2.0,11.0,,3.0,5.0,,0.0,7.0,,1427.0,1590.0,,805.0,500.0,1185.0,0.422,180.0,546.0,0.33,247.0,352.0,0.702,183.0,665.0,230.0,144.0,77.0,274.0,324.0,11.5,No,No,No,No,No,13.7
26,No,Boston University,18,7,11,0.389,-3.71,0.84,,6.0,10.0,,2.0,6.0,,5.0,5.0,,1249.0,1331.0,,720.0,451.0,1035.0,0.436,125.0,393.0,0.318,222.0,296.0,0.75,181.0,636.0,190.0,97.0,56.0,225.0,305.0,10.555555555555555,No,No,No,No,No,12.5
27,No,Bowling Green State,26,14,12,0.538,-0.17,-2.37,,10.0,8.0,,4.0,7.0,,10.0,3.0,,2015.0,1939.0,,1050.0,724.0,1732.0,0.418,213.0,667.0,0.319,354.0,481.0,0.736,325.0,996.0,328.0,184.0,57.0,256.0,442.0,12.615384615384615,No,No,No,No,No,9.8
28,No,Bradley,28,12,16,0.429,0.32,1.17,,6.0,12.0,,8.0,6.0,,2.0,9.0,,1948.0,1864.0,,1130.0,736.0,1636.0,0.45,192.0,603.0,0.318,284.0,393.0,0.723,284.0,1033.0,382.0,144.0,100.0,346.0,455.0,13.642857142857142,No,No,No,No,No,12.4
29,Yes,Brigham Young,27,20,7,0.741,15.19,7.23,,10.0,3.0,,11.0,2.0,,7.0,2.0,,2109.0,1853.0,,1095.0,776.0,1608.0,0.483,236.0,633.0,0.373,321.0,443.0,0.725,255.0,1058.0,436.0,124.0,76.0,356.0,486.0,16.14814814814815,No,No,No,No,No,13.2
30,No,Brown,0,0,0,,,,,,,,,,,,,,,,,,,,,,,,,,,,,,,,,,,No,No,No,No,No,
31,No,Bryant,22,15,7,0.682,-1.37,-7.27,,10.0,4.0,,10.0,1.0,,5.0,5.0,,1843.0,1664.0,,880.0,638.0,1372.0,0.465,208.0,546.0,0.381,359.0,472.0,0.761,224.0,876.0,336.0,152.0,78.0,333.0,365.0,15.272727272727273,No,No,No,No,No,15.1
32,No,Bucknell,12,5,7,0.417,-7.78,-5.36,,4.0,6.0,,2.0,3.0,,3.0,4.0,,899.0,928.0,,480.0,311.0,683.0,0.455,88.0,267.0,0.33,189.0,248.0,0.762,78.0,402.0,144.0,70.0,42.0,152.0,209.0,12.0,No,No,No,No,No,12.7
33,No,Buffalo,25,16,9,0.64,6.5,-1.58,,12.0,5.0,,8.0,3.0,,5.0,3.0,,2034.0,1823.0,,1010.0,766.0,1662.0,0.461,175.0,518.0,0.338,327.0,487.0,0.671,370.0,1094.0,397.0,199.0,103.0,347.0,442.0,15.88,No,No,No,No,No,13.9
34,No,Butler,25,10,15,0.4,4.76,9.92,,8.0,12.0,,8.0,4.0,,1.0,9.0,,1588.0,1717.0,,1015.0,572.0,1393.0,0.411,179.0,554.0,0.323,265.0,410.0,0.646,230.0,807.0,308.0,139.0,51.0,286.0,406.0,12.32,No,No,No,No,No,11.4
35,No,Cal Poly,24,4,20,0.167,-13.69,-1.56,,1.0,15.0,,3.0,8.0,,0.0,11.0,,1475.0,1700.0,,965.0,519.0,1315.0,0.395,157.0,491.0,0.32,280.0,388.0,0.722,187.0,778.0,298.0,149.0,84.0,333.0,447.0,12.416666666666666,No,No,No,No,No,13.9
36,No,Cal State Bakersfield,26,15,11,0.577,-0.13,-2.38,,11.0,7.0,,9.0,2.0,,6.0,8.0,,1811.0,1665.0,,1045.0,684.0,1531.0,0.447,146.0,414.0,0.353,297.0,416.0,0.714,348.0,959.0,365.0,167.0,78.0,338.0,499.0,14.038461538461538,No,No,No,No,No,13.0
37,No,Cal State Fullerton,16,6,10,0.375,-6.32,-3.05,,5.0,9.0,,5.0,4.0,,1.0,5.0,,1232.0,1257.0,,645.0,430.0,951.0,0.452,131.0,341.0,0.384,241.0,326.0,0.739,140.0,526.0,218.0,107.0,32.0,205.0,271.0,13.625,No,No,No,No,No,12.8
38,No,Cal State Northridge,22,9,13,0.409,-8.69,-1.97,,5.0,9.0,,4.0,7.0,,4.0,4.0,,1586.0,1709.0,,885.0,560.0,1323.0,0.423,170.0,503.0,0.338,296.0,407.0,0.727,208.0,730.0,293.0,140.0,47.0,261.0,383.0,13.318181818181818,No,No,No,No,No,11.9
39,No,California,29,9,20,0.31,4.89,9.75,,3.0,17.0,,6.0,8.0,,1.0,11.0,,1897.0,2008.0,,1160.0,661.0,1536.0,0.43,204.0,622.0,0.328,371.0,532.0,0.697,235.0,917.0,346.0,126.0,65.0,370.0,516.0,11.931034482758621,No,No,No,No,No,12.8
40,No,California Baptist,23,13,10,0.565,-5.25,-5.04,,6.0,6.0,,11.0,4.0,,2.0,5.0,,1820.0,1674.0,,925.0,634.0,1334.0,0.475,215.0,547.0,0.393,337.0,457.0,0.737,221.0,853.0,403.0,116.0,57.0,310.0,454.0,17.52173913043478,No,No,No,No,No,13.5
41,No,Campbell,27,17,10,0.63,-6.82,-7.34,,11.0,6.0,,9.0,3.0,,6.0,7.0,,1917.0,1840.0,,1095.0,699.0,1409.0,0.496,195.0,520.0,0.375,324.0,478.0,0.678,165.0,767.0,387.0,165.0,61.0,327.0,459.0,14.333333333333334,No,No,No,No,No,12.1
42,No,Canisius,13,7,6,0.538,-8.61,-7.84,,7.0,5.0,,3.0,1.0,,4.0,4.0,,915.0,925.0,,520.0,321.0,786.0,0.408,97.0,327.0,0.297,176.0,248.0,0.71,130.0,450.0,165.0,73.0,45.0,156.0,234.0,12.692307692307692,No,No,No,No,No,12.0
43,No,Central Arkansas,24,5,19,0.208,-14.86,-1.99,,4.0,12.0,,4.0,5.0,,1.0,14.0,,1701.0,1933.0,,960.0,606.0,1388.0,0.437,170.0,468.0,0.363,319.0,445.0,0.717,246.0,889.0,322.0,121.0,64.0,419.0,433.0,13.416666666666666,No,No,No,No,No,17.5
44,No,Central Connecticut State,21,5,16,0.238,-15.12,-6.27,,5.0,13.0,,3.0,6.0,,2.0,9.0,,1439.0,1625.0,,840.0,522.0,1230.0,0.424,150.0,463.0,0.324,245.0,348.0,0.704,179.0,664.0,270.0,145.0,54.0,298.0,359.0,12.857142857142858,No,No,No,No,No,14.2
45,No,Central Florida,23,11,12,0.478,5.94,8.15,,8.0,10.0,,6.0,3.0,,4.0,8.0,,1546.0,1597.0,,925.0,542.0,1262.0,0.429,180.0,507.0,0.355,282.0,387.0,0.729,216.0,765.0,285.0,157.0,79.0,340.0,389.0,12.391304347826088,No,No,No,No,No,14.8
46,No,Central Michigan,23,7,16,0.304,-12.34,-4.19,,3.0,13.0,,5.0,7.0,,2.0,9.0,,1766.0,1835.0,,920.0,631.0,1417.0,0.445,152.0,462.0,0.329,352.0,523.0,0.673,241.0,833.0,246.0,188.0,67.0,307.0,396.0,10.695652173913043,No,No,No,No,No,13.3
47,No,Charleston Southern,21,3,18,0.143,-16.72,-6.22,,2.0,15.0,,1.0,9.0,,2.0,8.0,,1375.0,1550.0,,845.0,480.0,1182.0,0.406,160.0,506.0,0.316,255.0,357.0,0.714,214.0,778.0,218.0,129.0,81.0,346.0,385.0,10.380952380952381,No,No,No,No,No,16.5
48,No,Charlotte,25,9,16,0.36,-5.68,-2.43,,5.0,11.0,,6.0,7.0,,3.0,8.0,,1587.0,1668.0,,1025.0,545.0,1261.0,0.432,143.0,441.0,0.324,354.0,484.0,0.731,172.0,778.0,282.0,136.0,73.0,335.0,364.0,11.28,No,No,No,No,No,13.4
49,No,Chattanooga,26,18,8,0.692,-1.54,-2.92,,9.0,7.0,,9.0,3.0,,9.0,4.0,,1888.0,1801.0,,1050.0,667.0,1522.0,0.438,218.0,607.0,0.359,336.0,429.0,0.783,217.0,881.0,319.0,178.0,48.0,289.0,370.0,12.26923076923077,No,No,No,No,No,11.1
50,No,Chicago State,9,0,9,0.0,-31.82,1.41,,,,,,,,0.0,7.0,,499.0,798.0,,360.0,180.0,497.0,0.362,51.0,203.0,0.251,88.0,126.0,0.698,54.0,234.0,89.0,49.0,13.0,140.0,178.0,9.88888888888889,No,No,No,No,No,15.6
51,No,Cincinnati,23,12,11,0.522,3.99,7.21,,8.0,6.0,,5.0,5.0,,5.0,5.0,,1585.0,1659.0,,920.0,566.0,1339.0,0.423,163.0,524.0,0.311,290.0,442.0,0.656,245.0,832.0,344.0,155.0,87.0,336.0,435.0,14.956521739130435,No,No,No,No,No,14.6
52,Yes,Clemson,24,16,8,0.667,12.49,9.49,,10.0,6.0,,11.0,1.0,,2.0,5.0,,1558.0,1486.0,,965.0,562.0,1323.0,0.425,198.0,574.0,0.345,236.0,307.0,0.769,206.0,783.0,319.0,146.0,69.0,303.0,374.0,13.291666666666666,No,No,No,No,No,12.6
53,Yes,Cleveland State,27,19,8,0.704,-5.12,-4.82,,16.0,4.0,,9.0,2.0,,8.0,5.0,,1914.0,1922.0,,1105.0,701.0,1558.0,0.45,172.0,535.0,0.321,340.0,507.0,0.671,284.0,934.0,371.0,188.0,69.0,348.0,524.0,13.74074074074074,No,No,No,No,No,12.9
54,No,Coastal Carolina,26,18,8,0.692,-2.74,-7.6,,9.0,5.0,,12.0,1.0,,3.0,5.0,,2067.0,1773.0,,1050.0,732.0,1604.0,0.456,221.0,618.0,0.358,382.0,533.0,0.717,352.0,1130.0,404.0,213.0,103.0,394.0,435.0,15.538461538461538,No,No,No,No,No,15.2
55,Yes,Colgate,16,14,2,0.875,13.66,-1.9,,11.0,1.0,,8.0,1.0,,6.0,0.0,,1363.0,1114.0,,645.0,495.0,1005.0,0.493,148.0,367.0,0.403,225.0,311.0,0.723,152.0,638.0,282.0,113.0,55.0,173.0,259.0,17.625,No,No,No,No,No,10.8
56,No,College of Charleston,19,9,10,0.474,-4.96,-3.13,,6.0,4.0,,8.0,6.0,,1.0,3.0,,1341.0,1329.0,,780.0,481.0,1066.0,0.451,158.0,422.0,0.374,221.0,311.0,0.711,156.0,623.0,201.0,100.0,53.0,197.0,324.0,10.578947368421053,No,No,No,No,No,10.4
57,Yes,Colorado,32,23,9,0.719,18.88,9.57,,14.0,6.0,,11.0,1.0,,6.0,6.0,,2340.0,2042.0,,1280.0,828.0,1815.0,0.456,246.0,661.0,0.372,438.0,535.0,0.819,312.0,1113.0,436.0,167.0,88.0,364.0,526.0,13.625,No,No,No,No,No,11.4
58,No,Colorado State,28,20,8,0.714,8.06,1.06,,14.0,4.0,,10.0,1.0,,6.0,4.0,,2072.0,1871.0,,1120.0,715.0,1536.0,0.465,235.0,666.0,0.353,407.0,514.0,0.792,212.0,965.0,408.0,164.0,75.0,378.0,465.0,14.571428571428571,No,No,No,No,No,13.5
59,No,Columbia,0,0,0,,,,,,,,,,,,,,,,,,,,,,,,,,,,,,,,,,,No,No,No,No,No,
60,Yes,Connecticut,23,15,8,0.652,15.77,8.59,,11.0,6.0,,7.0,3.0,,6.0,3.0,,1650.0,1485.0,,925.0,602.0,1388.0,0.434,155.0,463.0,0.335,291.0,403.0,0.722,311.0,879.0,297.0,142.0,121.0,268.0,432.0,12.91304347826087,No,No,No,No,No,11.7
61,No,Coppin State,22,9,13,0.409,-12.37,-6.06,,8.0,4.0,,5.0,3.0,,4.0,9.0,,1602.0,1741.0,,880.0,529.0,1287.0,0.411,193.0,636.0,0.303,351.0,564.0,0.622,164.0,796.0,286.0,188.0,71.0,348.0,394.0,13.0,No,No,No,No,No,15.8
62,No,Cornell,0,0,0,,,,,,,,,,,,,,,,,,,,,,,,,,,,,,,,,,,No,No,No,No,No,
63,Yes,Creighton,31,22,9,0.71,16.28,8.54,,14.0,6.0,,11.0,3.0,,7.0,4.0,,2355.0,2115.0,,1250.0,878.0,1862.0,0.472,293.0,811.0,0.361,306.0,478.0,0.64,259.0,1108.0,485.0,216.0,103.0,341.0,476.0,15.64516129032258,Yes,No,No,No,No,11.0
64,No,Dartmouth,0,0,0,,,,,,,,,,,,,,,,,,,,,,,,,,,,,,,,,,,No,No,No,No,No,
65,No,Davidson,22,13,9,0.591,9.02,3.4,,7.0,4.0,,7.0,4.0,,4.0,2.0,,1579.0,1411.0,,885.0,573.0,1214.0,0.472,216.0,594.0,0.364,217.0,316.0,0.687,197.0,758.0,332.0,113.0,57.0,236.0,327.0,15.090909090909092,No,No,No,No,No,10.7
66,No,Dayton,24,14,10,0.583,6.31,4.35,,9.0,7.0,,8.0,3.0,,4.0,6.0,,1674.0,1627.0,,985.0,592.0,1239.0,0.478,192.0,516.0,0.372,298.0,418.0,0.713,161.0,792.0,325.0,108.0,47.0,346.0,369.0,13.541666666666666,No,No,No,No,No,14.4
67,No,Delaware,15,7,8,0.467,-5.19,-5.04,,5.0,4.0,,6.0,3.0,,1.0,4.0,,1013.0,1012.0,,600.0,347.0,793.0,0.438,107.0,321.0,0.333,212.0,297.0,0.714,131.0,526.0,188.0,69.0,54.0,215.0,262.0,12.533333333333333,No,No,No,No,No,14.3
68,No,Delaware State,19,3,16,0.158,-24.09,-6.33,,1.0,11.0,,3.0,6.0,,0.0,10.0,,1345.0,1629.0,,765.0,468.0,1183.0,0.396,152.0,492.0,0.309,257.0,357.0,0.72,205.0,678.0,216.0,123.0,69.0,321.0,404.0,11.368421052631579,No,No,No,No,No,16.9
69,No,Denver,21,2,19,0.095,-16.4,-5.8,,1.0,13.0,,2.0,10.0,,0.0,9.0,,1466.0,1662.0,,850.0,519.0,1171.0,0.443,141.0,402.0,0.351,287.0,398.0,0.721,156.0,636.0,250.0,120.0,54.0,311.0,431.0,11.904761904761905,No,No,No,No,No,14.8
70,No,DePaul,19,5,14,0.263,2.67,8.83,,2.0,13.0,,2.0,8.0,,2.0,5.0,,1250.0,1367.0,,770.0,481.0,1154.0,0.417,103.0,327.0,0.315,185.0,273.0,0.678,229.0,717.0,217.0,130.0,74.0,300.0,374.0,11.421052631578947,No,No,No,No,No,15.8
71,No,Detroit Mercy,22,12,10,0.545,-3.66,-6.21,,10.0,6.0,,7.0,5.0,,5.0,5.0,,1683.0,1627.0,,885.0,598.0,1290.0,0.464,225.0,575.0,0.391,262.0,326.0,0.804,197.0,719.0,315.0,150.0,54.0,253.0,314.0,14.318181818181818,No,No,No,No,No,11.5
72,Yes,Drake,31,26,5,0.839,9.42,-0.48,,15.0,3.0,,14.0,1.0,,9.0,2.0,,2354.0,1999.0,,1250.0,908.0,1878.0,0.483,218.0,594.0,0.367,320.0,449.0,0.713,317.0,1120.0,423.0,216.0,92.0,320.0,487.0,13.64516129032258,No,No,No,No,No,10.3
73,Yes,Drexel,20,12,8,0.6,-0.97,-3.92,,4.0,5.0,,3.0,2.0,,4.0,5.0,,1407.0,1348.0,,800.0,514.0,1100.0,0.467,145.0,391.0,0.371,234.0,300.0,0.78,174.0,677.0,298.0,91.0,48.0,256.0,298.0,14.9,No,No,No,No,No,12.8
74,No,Duke,24,13,11,0.542,13.04,8.33,,9.0,9.0,,8.0,5.0,,3.0,6.0,,1824.0,1711.0,,970.0,692.0,1479.0,0.468,201.0,571.0,0.352,239.0,346.0,0.691,269.0,851.0,390.0,197.0,109.0,307.0,410.0,16.25,No,No,No,No,No,12.8
75,No,Duquesne,18,9,9,0.5,2.32,2.49,,7.0,7.0,,5.0,2.0,,2.0,5.0,,1205.0,1208.0,,720.0,438.0,1040.0,0.421,115.0,385.0,0.299,214.0,329.0,0.65,205.0,654.0,241.0,121.0,80.0,240.0,310.0,13.38888888888889,No,No,No,No,No,13.3
76,No,East Carolina,19,8,11,0.421,1.0,3.83,,2.0,10.0,,7.0,6.0,,1.0,4.0,,1269.0,1291.0,,765.0,449.0,1094.0,0.41,109.0,359.0,0.304,262.0,362.0,0.724,189.0,653.0,303.0,117.0,59.0,240.0,325.0,15.947368421052632,No,No,No,No,No,12.6
77,No,East Tennessee State,25,13,12,0.52,1.65,0.3,,8.0,7.0,,8.0,4.0,,3.0,5.0,,1736.0,1654.0,,1005.0,620.0,1416.0,0.438,201.0,575.0,0.35,295.0,423.0,0.697,253.0,897.0,295.0,184.0,63.0,339.0,431.0,11.8,No,No,No,No,No,13.6
78,No,Eastern Illinois,27,9,18,0.333,-12.71,-7.19,,6.0,14.0,,5.0,7.0,,4.0,11.0,,1874.0,2023.0,,1095.0,707.0,1623.0,0.436,186.0,574.0,0.324,274.0,417.0,0.657,285.0,944.0,360.0,193.0,88.0,383.0,435.0,13.333333333333334,No,No,No,No,No,14.2
79,No,Eastern Kentucky,29,22,7,0.759,-2.68,-8.24,,15.0,5.0,,10.0,2.0,,9.0,4.0,,2372.0,2137.0,,1180.0,871.0,1946.0,0.448,279.0,778.0,0.359,351.0,497.0,0.706,306.0,1033.0,461.0,299.0,103.0,373.0,533.0,15.89655172413793,No,No,No,No,No,12.9
80,No,Eastern Michigan,18,6,12,0.333,-14.23,-1.23,,3.0,11.0,,5.0,4.0,,1.0,8.0,,1267.0,1362.0,,720.0,448.0,1077.0,0.416,128.0,411.0,0.311,243.0,326.0,0.745,169.0,594.0,198.0,159.0,43.0,221.0,274.0,11.0,No,No,No,No,No,12.3
81,Yes,Eastern Washington,24,16,8,0.667,4.03,-3.15,,12.0,3.0,,7.0,2.0,,6.0,5.0,,1879.0,1690.0,,960.0,667.0,1425.0,0.468,204.0,574.0,0.355,341.0,431.0,0.791,178.0,848.0,365.0,115.0,70.0,277.0,407.0,15.208333333333334,No,No,No,No,No,11.5
82,No,Elon,19,10,9,0.526,-5.32,-4.43,,4.0,7.0,,4.0,2.0,,3.0,6.0,,1249.0,1235.0,,760.0,449.0,1083.0,0.415,154.0,474.0,0.325,197.0,266.0,0.741,166.0,652.0,206.0,108.0,39.0,219.0,359.0,10.842105263157896,No,No,No,No,No,11.5
83,No,Evansville,25,9,16,0.36,-4.85,-0.01,,7.0,11.0,,8.0,4.0,,1.0,10.0,,1619.0,1740.0,,1015.0,571.0,1299.0,0.44,240.0,637.0,0.377,237.0,330.0,0.718,149.0,670.0,291.0,122.0,56.0,274.0,377.0,11.64,No,No,No,No,No,11.0
84,No,Fairfield,27,10,17,0.37,-11.46,-6.57,,7.0,11.0,,4.0,8.0,,3.0,8.0,,1668.0,1800.0,,1090.0,580.0,1456.0,0.398,163.0,517.0,0.315,345.0,496.0,0.696,265.0,949.0,271.0,125.0,62.0,349.0,480.0,10.037037037037036,No,No,No,No,No,12.9
85,No,Fairleigh Dickinson,24,9,15,0.375,-10.17,-6.46,,8.0,10.0,,4.0,6.0,,5.0,9.0,,1801.0,1890.0,,970.0,645.0,1432.0,0.45,194.0,517.0,0.375,317.0,445.0,0.712,244.0,813.0,287.0,182.0,93.0,340.0,439.0,11.958333333333334,No,No,No,No,No,14.2
86,Yes,Florida,25,15,10,0.6,13.7,9.82,,9.0,7.0,,6.0,3.0,,5.0,5.0,,1854.0,1757.0,,1005.0,663.0,1407.0,0.471,169.0,475.0,0.356,359.0,477.0,0.753,245.0,882.0,293.0,180.0,131.0,375.0,464.0,11.72,No,No,No,No,No,15.0
87,No,Florida A&M,20,8,12,0.4,-12.35,-9.55,,7.0,5.0,,4.0,1.0,,4.0,10.0,,1314.0,1370.0,,800.0,500.0,1126.0,0.444,95.0,303.0,0.314,219.0,336.0,0.652,206.0,705.0,265.0,130.0,50.0,338.0,364.0,13.25,No,No,No,No,No,16.9
88,No,Florida Atlantic,23,13,10,0.565,-2.05,-4.94,,7.0,5.0,,7.0,1.0,,4.0,7.0,,1796.0,1537.0,,925.0,652.0,1409.0,0.463,223.0,587.0,0.38,269.0,407.0,0.661,287.0,929.0,335.0,175.0,63.0,318.0,415.0,14.565217391304348,No,No,No,No,No,13.8
89,No,Florida Gulf Coast,18,10,8,0.556,-9.63,-7.13,,4.0,5.0,,7.0,4.0,,2.0,2.0,,1292.0,1242.0,,720.0,483.0,1126.0,0.429,146.0,499.0,0.293,180.0,271.0,0.664,206.0,700.0,246.0,134.0,77.0,265.0,280.0,13.666666666666666,No,No,No,No,No,14.7
90,No,Florida International,26,9,17,0.346,-11.2,-3.24,,2.0,15.0,,7.0,8.0,,2.0,9.0,,1914.0,1985.0,,1055.0,690.0,1604.0,0.43,273.0,816.0,0.335,261.0,392.0,0.666,252.0,847.0,390.0,219.0,105.0,380.0,463.0,15.0,No,No,No,No,No,14.6
91,Yes,Florida State,25,18,7,0.72,17.12,9.16,,11.0,4.0,,12.0,1.0,,3.0,4.0,,1929.0,1730.0,,1010.0,693.0,1461.0,0.474,192.0,510.0,0.376,351.0,474.0,0.741,272.0,918.0,363.0,182.0,127.0,359.0,459.0,14.52,Yes,No,No,No,No,14.4
92,No,Fordham,14,2,12,0.143,-11.69,3.09,,2.0,11.0,,2.0,5.0,,0.0,6.0,,725.0,932.0,,560.0,257.0,716.0,0.359,79.0,294.0,0.269,132.0,197.0,0.67,95.0,415.0,153.0,87.0,28.0,187.0,221.0,10.928571428571429,No,No,No,No,No,13.4
93,No,Fresno State,24,12,12,0.5,-3.57,0.07,,9.0,11.0,,7.0,5.0,,4.0,6.0,,1591.0,1618.0,,965.0,552.0,1289.0,0.428,164.0,499.0,0.329,323.0,485.0,0.666,257.0,853.0,249.0,158.0,70.0,344.0,427.0,10.375,No,No,No,No,No,14.3
94,No,Furman,25,16,9,0.64,5.99,-1.69,,10.0,5.0,,11.0,1.0,,5.0,7.0,,1990.0,1723.0,,1005.0,730.0,1499.0,0.487,242.0,708.0,0.342,288.0,398.0,0.724,223.0,879.0,416.0,205.0,84.0,313.0,428.0,16.64,No,No,No,No,No,12.5
95,No,Gardner-Webb,26,11,15,0.423,-3.87,-6.14,,10.0,10.0,,7.0,4.0,,4.0,11.0,,1837.0,1778.0,,1040.0,651.0,1465.0,0.444,232.0,643.0,0.361,303.0,439.0,0.69,239.0,895.0,339.0,153.0,125.0,304.0,492.0,13.038461538461538,No,No,No,No,No,11.7
96,No,George Mason,22,13,9,0.591,1.91,0.48,,8.0,6.0,,7.0,3.0,,3.0,4.0,,1569.0,1538.0,,905.0,578.0,1347.0,0.429,160.0,487.0,0.329,253.0,394.0,0.642,254.0,834.0,287.0,159.0,95.0,282.0,353.0,13.045454545454545,No,No,No,No,No,12.8
97,No,George Washington,17,5,12,0.294,-5.75,-1.57,,3.0,5.0,,3.0,6.0,,1.0,5.0,,1158.0,1229.0,,685.0,411.0,928.0,0.443,102.0,315.0,0.324,234.0,335.0,0.699,136.0,582.0,194.0,107.0,46.0,233.0,247.0,11.411764705882353,No,No,No,No,No,13.7
98,Yes,Georgetown,26,13,13,0.5,10.13,10.36,,7.0,9.0,,7.0,6.0,,2.0,6.0,,1857.0,1863.0,,1045.0,644.0,1521.0,0.423,216.0,592.0,0.365,353.0,469.0,0.753,298.0,1034.0,333.0,153.0,101.0,395.0,413.0,12.807692307692308,No,No,No,No,No,15.2
99,No,Georgia,26,14,12,0.538,6.62,8.02,,7.0,11.0,,12.0,5.0,,2.0,6.0,,2014.0,2027.0,,1045.0,734.0,1603.0,0.458,165.0,509.0,0.324,381.0,553.0,0.689,318.0,973.0,389.0,220.0,64.0,433.0,484.0,14.961538461538462,No,No,No,No,No,16.7
100,No,Georgia Southern,26,13,13,0.5,-10.22,-6.26,,7.0,9.0,,9.0,4.0,,4.0,8.0,,1860.0,1762.0,,1070.0,686.0,1536.0,0.447,194.0,608.0,0.319,294.0,463.0,0.635,306.0,964.0,324.0,210.0,101.0,374.0,444.0,12.461538461538462,No,No,No,No,No,14.4
101,No,Georgia State,22,16,6,0.727,-1.7,-4.6,,8.0,4.0,,9.0,1.0,,5.0,4.0,,1767.0,1599.0,,900.0,649.0,1386.0,0.468,178.0,497.0,0.358,291.0,425.0,0.685,250.0,826.0,369.0,157.0,97.0,255.0,365.0,16.772727272727273,No,No,No,No,No,11.6
102,Yes,Georgia Tech,26,17,9,0.654,12.79,7.91,,11.0,6.0,,11.0,3.0,,4.0,5.0,,1948.0,1821.0,,1065.0,722.0,1514.0,0.477,192.0,551.0,0.348,312.0,430.0,0.726,205.0,787.0,412.0,236.0,90.0,290.0,410.0,15.846153846153847,No,No,No,No,No,11.2
103,Yes,Gonzaga,32,31,1,0.969,27.2,5.92,,15.0,0.0,,12.0,0.0,,7.0,0.0,,2911.0,2230.0,,1285.0,1079.0,1965.0,0.549,240.0,652.0,0.368,513.0,703.0,0.73,289.0,1189.0,601.0,254.0,90.0,385.0,521.0,18.78125,Yes,Yes,Yes,Yes,No,12.0
104,No,Grambling,24,12,12,0.5,-14.27,-12.49,,9.0,6.0,,6.0,4.0,,5.0,7.0,,1617.0,1649.0,,965.0,562.0,1313.0,0.428,125.0,377.0,0.332,368.0,553.0,0.665,207.0,827.0,337.0,195.0,73.0,371.0,433.0,14.041666666666666,No,No,No,No,No,15.5
105,Yes,Grand Canyon,24,17,7,0.708,5.11,-3.46,,9.0,3.0,,10.0,3.0,,5.0,1.0,,1812.0,1491.0,,960.0,676.0,1384.0,0.488,163.0,496.0,0.329,297.0,434.0,0.684,254.0,958.0,390.0,116.0,72.0,308.0,412.0,16.25,No,No,No,No,No,12.8
106,No,Green Bay,25,8,17,0.32,-10.15,-5.23,,8.0,12.0,,6.0,6.0,,2.0,11.0,,1790.0,1913.0,,1030.0,656.0,1507.0,0.435,170.0,511.0,0.333,308.0,411.0,0.749,228.0,817.0,352.0,138.0,90.0,269.0,405.0,14.08,No,No,No,No,No,10.8
107,No,Hampton,25,11,14,0.44,-13.67,-9.27,,9.0,9.0,,5.0,7.0,,6.0,7.0,,1721.0,1831.0,,1000.0,619.0,1437.0,0.431,185.0,557.0,0.332,298.0,411.0,0.725,196.0,844.0,292.0,152.0,149.0,318.0,426.0,11.68,No,No,No,No,No,12.7
108,Yes,Hartford,24,15,9,0.625,-3.45,-4.95,,8.0,6.0,,10.0,1.0,,5.0,6.0,,1570.0,1534.0,,960.0,562.0,1305.0,0.431,179.0,554.0,0.323,267.0,373.0,0.716,191.0,798.0,264.0,166.0,54.0,315.0,386.0,11.0,No,No,No,No,No,13.1
109,No,Harvard,0,0,0,,,,,,,,,,,,,,,,,,,,,,,,,,,,,,,,,,,No,No,No,No,No,
110,No,Hawaii,21,11,10,0.524,-2.98,-2.72,,9.0,9.0,,7.0,5.0,,4.0,4.0,,1503.0,1452.0,,855.0,534.0,1208.0,0.442,164.0,456.0,0.36,271.0,376.0,0.721,217.0,752.0,246.0,119.0,32.0,291.0,350.0,11.714285714285714,No,No,No,No,No,13.9
111,No,High Point,24,9,15,0.375,-10.78,-7.58,,6.0,11.0,,5.0,5.0,,4.0,10.0,,1600.0,1677.0,,965.0,564.0,1357.0,0.416,115.0,396.0,0.29,357.0,520.0,0.687,279.0,852.0,292.0,157.0,91.0,303.0,428.0,12.166666666666666,No,No,No,No,No,12.6
112,No,Hofstra,23,13,10,0.565,-2.77,-2.94,,8.0,6.0,,7.0,3.0,,5.0,6.0,,1683.0,1679.0,,925.0,595.0,1342.0,0.443,174.0,527.0,0.33,317.0,443.0,0.716,241.0,816.0,293.0,152.0,68.0,279.0,368.0,12.73913043478261,No,No,No,No,No,12.1
113,No,Holy Cross,16,5,11,0.313,-4.99,0.45,,5.0,11.0,,2.0,7.0,,3.0,4.0,,1130.0,1217.0,,645.0,423.0,952.0,0.444,111.0,314.0,0.354,173.0,248.0,0.698,150.0,523.0,193.0,110.0,63.0,206.0,305.0,12.0625,No,No,No,No,No,12.9
114,Yes,Houston,32,28,4,0.875,21.66,5.37,,14.0,3.0,,15.0,0.0,,5.0,3.0,,2434.0,1863.0,,1280.0,854.0,1961.0,0.435,291.0,823.0,0.354,435.0,595.0,0.731,458.0,1296.0,446.0,255.0,149.0,341.0,575.0,13.9375,Yes,Yes,Yes,No,No,10.7
115,No,Houston Christian,25,6,19,0.24,-16.72,-5.72,,4.0,11.0,,4.0,6.0,,1.0,12.0,,1776.0,2007.0,,1005.0,635.0,1485.0,0.428,202.0,588.0,0.344,304.0,415.0,0.733,228.0,849.0,354.0,176.0,92.0,418.0,424.0,14.16,No,No,No,No,No,16.7
116,No,Howard,5,1,4,0.2,-14.26,-2.51,,,,,1.0,1.0,,,,,363.0,424.0,,200.0,123.0,283.0,0.435,38.0,123.0,0.309,79.0,110.0,0.718,41.0,177.0,74.0,26.0,25.0,72.0,89.0,14.8,No,No,No,No,No,14.4
117,No,Idaho,22,1,21,0.045,-18.32,-2.91,,1.0,17.0,,1.0,9.0,,0.0,11.0,,1343.0,1682.0,,890.0,489.0,1133.0,0.432,122.0,358.0,0.341,243.0,335.0,0.725,152.0,657.0,266.0,109.0,43.0,360.0,416.0,12.090909090909092,No,No,No,No,No,16.4
118,No,Idaho State,24,13,11,0.542,-8.39,-5.71,,8.0,6.0,,8.0,3.0,,5.0,5.0,,1637.0,1481.0,,970.0,559.0,1261.0,0.443,166.0,499.0,0.333,353.0,496.0,0.712,243.0,861.0,273.0,108.0,83.0,357.0,442.0,11.375,No,No,No,No,No,14.9
119,Yes,Illinois,31,24,7,0.774,23.25,11.34,,16.0,4.0,,11.0,2.0,,9.0,3.0,,2497.0,2128.0,,1255.0,909.0,1819.0,0.5,203.0,544.0,0.373,476.0,690.0,0.69,322.0,1239.0,506.0,176.0,87.0,404.0,549.0,16.322580645161292,No,No,No,No,No,13.0
120,No,Illinois State,25,7,18,0.28,-5.45,0.38,,4.0,14.0,,3.0,8.0,,3.0,9.0,,1799.0,1870.0,,1015.0,679.0,1477.0,0.46,195.0,566.0,0.345,246.0,372.0,0.661,206.0,881.0,345.0,150.0,84.0,345.0,411.0,13.8,No,No,No,No,No,13.8
121,No,Illinois-Chicago,22,9,13,0.409,-12.06,-7.42,,6.0,10.0,,7.0,4.0,,2.0,9.0,,1489.0,1591.0,,890.0,558.0,1301.0,0.429,178.0,544.0,0.327,195.0,296.0,0.659,183.0,766.0,297.0,81.0,68.0,291.0,409.0,13.5,No,No,No,No,No,13.2
122,No,Incarnate Word,22,8,14,0.364,-15.91,-8.33,,5.0,9.0,,5.0,7.0,,3.0,6.0,,1495.0,1578.0,,885.0,524.0,1178.0,0.445,168.0,449.0,0.374,279.0,397.0,0.703,171.0,685.0,269.0,118.0,41.0,308.0,396.0,12.227272727272727,No,No,No,No,No,14.0
123,No,Indiana,27,12,15,0.444,12.79,12.45,,7.0,12.0,,6.0,6.0,,3.0,7.0,,1882.0,1873.0,,1115.0,654.0,1510.0,0.433,158.0,488.0,0.324,416.0,626.0,0.665,242.0,933.0,376.0,155.0,101.0,322.0,479.0,13.925925925925926,No,No,No,No,No,11.9
124,No,Indiana State,25,15,10,0.6,2.04,1.91,,11.0,7.0,,9.0,3.0,,5.0,6.0,,1662.0,1645.0,,1000.0,580.0,1338.0,0.433,149.0,446.0,0.334,353.0,481.0,0.734,207.0,796.0,267.0,164.0,73.0,302.0,373.0,10.68,No,No,No,No,No,12.1
125,Yes,Iona,18,12,6,0.667,-1.2,-6.42,,6.0,3.0,,4.0,2.0,,4.0,3.0,,1283.0,1189.0,,720.0,446.0,1010.0,0.442,132.0,381.0,0.346,259.0,348.0,0.744,194.0,663.0,245.0,123.0,75.0,281.0,389.0,13.61111111111111,No,No,No,No,No,15.6
126,Yes,Iowa,31,22,9,0.71,21.4,10.43,,14.0,6.0,,14.0,2.0,,6.0,4.0,,2595.0,2255.0,,1245.0,923.0,1961.0,0.471,301.0,780.0,0.386,448.0,627.0,0.715,346.0,1231.0,594.0,173.0,141.0,294.0,461.0,19.161290322580644,No,No,No,No,No,9.5
127,No,Iowa State,24,2,22,0.083,-0.72,10.4,,0.0,18.0,,2.0,10.0,,0.0,11.0,,1574.0,1841.0,,960.0,591.0,1413.0,0.418,175.0,546.0,0.321,217.0,277.0,0.783,206.0,758.0,278.0,156.0,75.0,357.0,447.0,11.583333333333334,No,No,No,No,No,14.9
128,No,IUPUI,18,8,10,0.444,-11.65,-7.03,,7.0,9.0,,4.0,5.0,,4.0,5.0,,1281.0,1364.0,,720.0,452.0,1069.0,0.423,143.0,416.0,0.344,234.0,326.0,0.718,168.0,608.0,239.0,124.0,40.0,250.0,340.0,13.277777777777779,No,No,No,No,No,13.9
129,No,Jackson State,18,12,6,0.667,-11.27,-14.05,,11.0,0.0,,6.0,0.0,,5.0,5.0,,1181.0,1131.0,,730.0,397.0,1002.0,0.396,100.0,294.0,0.34,287.0,422.0,0.68,187.0,661.0,190.0,147.0,59.0,277.0,348.0,10.555555555555555,No,No,No,No,No,15.4
130,No,Jacksonville,24,11,13,0.458,-11.15,-6.74,,5.0,9.0,,7.0,5.0,,4.0,8.0,,1622.0,1668.0,,965.0,577.0,1320.0,0.437,170.0,526.0,0.323,298.0,449.0,0.664,206.0,800.0,269.0,164.0,63.0,343.0,372.0,11.208333333333334,No,No,No,No,No,14.3
131,No,Jacksonville State,27,18,9,0.667,-3.02,-6.06,,13.0,6.0,,8.0,3.0,,7.0,5.0,,2005.0,1851.0,,1095.0,723.0,1568.0,0.461,219.0,616.0,0.356,340.0,496.0,0.685,299.0,1048.0,383.0,135.0,94.0,360.0,413.0,14.185185185185185,No,No,No,No,No,13.3
132,No,James Madison,20,13,7,0.65,-0.11,-3.17,,8.0,2.0,,10.0,3.0,,3.0,3.0,,1562.0,1409.0,,800.0,543.0,1201.0,0.452,166.0,486.0,0.342,310.0,464.0,0.668,220.0,747.0,276.0,149.0,41.0,243.0,375.0,13.8,No,No,No,No,No,12.2
133,Yes,Kansas,30,21,9,0.7,15.29,10.26,,12.0,6.0,,14.0,1.0,,4.0,6.0,,2191.0,2010.0,,1205.0,789.0,1809.0,0.436,227.0,663.0,0.342,386.0,539.0,0.716,333.0,1124.0,415.0,207.0,119.0,359.0,460.0,13.833333333333334,No,No,No,No,No,12.0
134,No,Kansas City,24,11,13,0.458,-4.92,-2.67,,7.0,7.0,,8.0,3.0,,2.0,8.0,,1683.0,1502.0,,960.0,642.0,1292.0,0.497,149.0,407.0,0.366,250.0,379.0,0.66,175.0,730.0,355.0,190.0,50.0,300.0,524.0,14.791666666666666,No,No,No,No,No,12.5
135,No,Kansas State,29,9,20,0.31,0.76,9.04,,4.0,14.0,,6.0,12.0,,2.0,7.0,,1792.0,2037.0,,1160.0,649.0,1577.0,0.412,191.0,645.0,0.296,303.0,456.0,0.664,296.0,953.0,377.0,161.0,44.0,431.0,492.0,13.0,No,No,No,No,No,14.9
136,No,Kennesaw State,24,5,19,0.208,-14.15,-3.67,,2.0,13.0,,4.0,9.0,,0.0,9.0,,1571.0,1672.0,,960.0,571.0,1359.0,0.42,164.0,526.0,0.312,265.0,402.0,0.659,215.0,815.0,260.0,138.0,60.0,341.0,429.0,10.833333333333334,No,No,No,No,No,14.2
137,No,Kent State,23,15,8,0.652,1.74,-1.9,,12.0,6.0,,9.0,2.0,,6.0,5.0,,1764.0,1635.0,,925.0,635.0,1432.0,0.443,185.0,567.0,0.326,309.0,397.0,0.778,289.0,900.0,330.0,156.0,75.0,312.0,391.0,14.347826086956522,No,No,No,No,No,13.6
138,No,Kentucky,25,9,16,0.36,11.77,11.49,,8.0,9.0,,5.0,6.0,,4.0,7.0,,1761.0,1754.0,,1010.0,615.0,1476.0,0.417,160.0,477.0,0.335,371.0,509.0,0.729,300.0,951.0,313.0,157.0,148.0,349.0,450.0,12.52,No,No,No,No,No,14.0
139,No,La Salle,25,9,16,0.36,-3.57,2.85,,6.0,11.0,,6.0,3.0,,3.0,11.0,,1702.0,1838.0,,1005.0,633.0,1453.0,0.436,195.0,573.0,0.34,241.0,352.0,0.685,234.0,829.0,318.0,186.0,83.0,361.0,431.0,12.72,No,No,No,No,No,14.4
140,No,Lafayette,15,9,6,0.6,-5.38,-6.38,,9.0,5.0,,6.0,3.0,,3.0,3.0,,1165.0,1150.0,,620.0,405.0,928.0,0.436,129.0,358.0,0.36,226.0,281.0,0.804,133.0,525.0,243.0,94.0,51.0,163.0,280.0,16.2,No,No,No,No,No,10.9
141,No,Lamar,28,10,18,0.357,-13.1,-6.57,,7.0,10.0,,5.0,5.0,,3.0,11.0,,1843.0,2026.0,,1130.0,670.0,1608.0,0.417,139.0,445.0,0.312,364.0,496.0,0.734,269.0,967.0,332.0,200.0,118.0,396.0,466.0,11.857142857142858,No,No,No,No,No,14.1
142,No,Lehigh,15,4,11,0.267,-12.85,-4.58,,4.0,10.0,,1.0,5.0,,3.0,6.0,,1025.0,1149.0,,605.0,388.0,901.0,0.431,73.0,231.0,0.316,176.0,251.0,0.701,137.0,521.0,191.0,90.0,32.0,196.0,268.0,12.733333333333333,No,No,No,No,No,13.1
143,Yes,Liberty,29,23,6,0.793,4.06,-6.14,,11.0,2.0,,13.0,0.0,,5.0,3.0,,2157.0,1739.0,,1160.0,782.0,1605.0,0.487,297.0,761.0,0.39,296.0,381.0,0.777,202.0,971.0,458.0,135.0,71.0,289.0,429.0,15.793103448275861,No,No,No,No,No,10.0
144,No,Lipscomb,27,15,12,0.556,-7.07,-5.63,,9.0,6.0,,10.0,4.0,,4.0,7.0,,1922.0,1848.0,,1085.0,687.0,1493.0,0.46,200.0,569.0,0.351,348.0,503.0,0.692,208.0,918.0,364.0,167.0,53.0,326.0,376.0,13.481481481481481,No,No,No,No,No,12.1
145,No,Little Rock,26,11,15,0.423,-6.36,-5.4,,7.0,11.0,,7.0,4.0,,2.0,8.0,,1786.0,1782.0,,1050.0,638.0,1401.0,0.455,147.0,472.0,0.311,363.0,517.0,0.702,261.0,898.0,354.0,165.0,86.0,392.0,419.0,13.615384615384615,No,No,No,No,No,15.1
146,No,Long Beach State,18,6,12,0.333,-8.5,-2.83,,4.0,8.0,,4.0,3.0,,1.0,8.0,,1328.0,1430.0,,740.0,466.0,1047.0,0.445,127.0,354.0,0.359,269.0,395.0,0.681,147.0,630.0,210.0,112.0,52.0,288.0,349.0,11.666666666666666,No,No,No,No,No,16.0
147,No,Long Island University,18,9,9,0.5,-7.76,-8.82,,9.0,9.0,,6.0,3.0,,3.0,6.0,,1332.0,1313.0,,720.0,479.0,1155.0,0.415,134.0,467.0,0.287,240.0,360.0,0.667,240.0,705.0,293.0,152.0,69.0,259.0,315.0,16.27777777777778,No,No,No,No,No,14.4
148,No,Longwood,29,12,17,0.414,-7.93,-6.4,,10.0,10.0,,8.0,5.0,,4.0,11.0,,1920.0,1966.0,,1160.0,685.0,1579.0,0.434,207.0,600.0,0.345,343.0,498.0,0.689,273.0,954.0,309.0,177.0,52.0,381.0,499.0,10.655172413793103,No,No,No,No,No,13.1
149,No,Louisiana,26,17,9,0.654,-4.84,-5.5,,10.0,7.0,,10.0,3.0,,6.0,4.0,,1934.0,1892.0,,1050.0,713.0,1607.0,0.444,185.0,532.0,0.348,323.0,463.0,0.698,317.0,1027.0,332.0,145.0,122.0,388.0,457.0,12.76923076923077,No,No,No,No,No,14.9
150,Yes,Louisiana State,29,19,10,0.655,15.7,9.14,,11.0,6.0,,11.0,2.0,,4.0,6.0,,2371.0,2181.0,,1165.0,836.0,1823.0,0.459,234.0,674.0,0.347,465.0,619.0,0.751,330.0,1113.0,351.0,225.0,85.0,329.0,505.0,12.10344827586207,No,No,No,No,No,11.3
151,No,Louisiana Tech,32,24,8,0.75,6.63,-0.21,,12.0,4.0,,15.0,1.0,,5.0,5.0,,2339.0,2094.0,,1280.0,832.0,1870.0,0.445,240.0,698.0,0.344,435.0,639.0,0.681,323.0,1224.0,418.0,217.0,93.0,411.0,497.0,13.0625,No,No,No,No,No,12.8
152,No,Louisiana-Monroe,26,7,19,0.269,-10.59,-5.9,,5.0,13.0,,5.0,8.0,,2.0,10.0,,1670.0,1792.0,,1045.0,609.0,1464.0,0.416,194.0,571.0,0.34,258.0,367.0,0.703,205.0,791.0,355.0,193.0,74.0,338.0,433.0,13.653846153846153,No,No,No,No,No,13.0
153,No,Louisville,20,13,7,0.65,10.35,8.9,,8.0,5.0,,9.0,2.0,,4.0,4.0,,1359.0,1330.0,,805.0,494.0,1146.0,0.431,107.0,347.0,0.308,264.0,368.0,0.717,225.0,764.0,221.0,96.0,37.0,229.0,338.0,11.05,No,No,No,No,No,11.4
154,Yes,Loyola (IL),31,26,5,0.839,15.12,1.37,,16.0,2.0,,13.0,0.0,,8.0,3.0,,2202.0,1738.0,,1250.0,804.0,1614.0,0.498,221.0,606.0,0.365,373.0,519.0,0.719,230.0,1008.0,490.0,215.0,75.0,364.0,444.0,15.806451612903226,Yes,No,No,No,No,11.7
155,No,Loyola (MD),17,6,11,0.353,-2.29,-3.47,,4.0,10.0,,3.0,4.0,,3.0,7.0,,1226.0,1206.0,,710.0,461.0,992.0,0.465,92.0,301.0,0.306,212.0,351.0,0.604,191.0,639.0,221.0,116.0,54.0,245.0,308.0,13.0,No,No,No,No,No,14.4
156,No,Loyola Marymount,22,13,9,0.591,5.55,4.05,,7.0,5.0,,8.0,3.0,,4.0,5.0,,1529.0,1496.0,,885.0,525.0,1147.0,0.458,135.0,400.0,0.338,344.0,474.0,0.726,215.0,772.0,280.0,103.0,58.0,351.0,417.0,12.727272727272727,No,No,No,No,No,16.0
157,No,Maine,9,2,7,0.222,-15.66,-4.21,,2.0,6.0,,1.0,1.0,,1.0,6.0,,478.0,581.0,,360.0,172.0,452.0,0.381,64.0,203.0,0.315,70.0,123.0,0.569,69.0,281.0,108.0,51.0,40.0,147.0,161.0,12.0,No,No,No,No,No,16.3
158,No,Manhattan,20,7,13,0.35,-12.2,-8.35,,6.0,12.0,,4.0,6.0,,3.0,6.0,,1268.0,1345.0,,825.0,439.0,1165.0,0.377,115.0,435.0,0.264,275.0,413.0,0.666,253.0,724.0,237.0,154.0,74.0,288.0,453.0,11.85,No,No,No,No,No,14.4
159,No,Marist,21,12,9,0.571,-8.99,-8.8,,10.0,8.0,,6.0,3.0,,6.0,5.0,,1332.0,1336.0,,850.0,475.0,1113.0,0.427,142.0,458.0,0.31,240.0,351.0,0.684,158.0,736.0,229.0,114.0,84.0,303.0,370.0,10.904761904761905,No,No,No,No,No,14.4
160,No,Marquette,27,13,14,0.481,8.51,8.58,,8.0,11.0,,7.0,7.0,,6.0,6.0,,1883.0,1885.0,,1085.0,661.0,1484.0,0.445,179.0,555.0,0.323,382.0,520.0,0.735,258.0,979.0,333.0,137.0,100.0,388.0,465.0,12.333333333333334,No,No,No,No,No,14.4
161,No,Marshall,22,15,7,0.682,5.7,-1.66,,9.0,5.0,,9.0,3.0,,6.0,3.0,,1758.0,1596.0,,885.0,656.0,1382.0,0.475,204.0,567.0,0.36,242.0,334.0,0.725,183.0,778.0,349.0,172.0,114.0,263.0,333.0,15.863636363636363,No,No,No,No,No,12.0
162,Yes,Maryland,31,17,14,0.548,13.94,11.97,,9.0,11.0,,11.0,6.0,,4.0,6.0,,2135.0,2034.0,,1240.0,753.0,1636.0,0.46,253.0,708.0,0.357,376.0,538.0,0.699,195.0,1013.0,415.0,155.0,103.0,343.0,455.0,13.387096774193548,No,No,No,No,No,11.1
163,No,Maryland-Baltimore County,20,14,6,0.7,-1.05,-5.7,,10.0,4.0,,5.0,4.0,,9.0,2.0,,1391.0,1298.0,,800.0,483.0,1099.0,0.439,139.0,408.0,0.341,286.0,402.0,0.711,175.0,730.0,219.0,102.0,35.0,258.0,336.0,10.95,No,No,No,No,No,12.9
164,No,Massachusetts,15,8,7,0.533,4.77,1.03,,6.0,4.0,,4.0,3.0,,3.0,3.0,,1151.0,1095.0,,615.0,394.0,920.0,0.428,132.0,405.0,0.326,231.0,315.0,0.733,136.0,517.0,224.0,110.0,61.0,181.0,261.0,14.933333333333334,No,No,No,No,No,12.1
165,No,Massachusetts-Lowell,23,11,12,0.478,-6.05,-3.61,,7.0,8.0,,3.0,4.0,,6.0,6.0,,1575.0,1631.0,,920.0,560.0,1240.0,0.452,150.0,433.0,0.346,305.0,461.0,0.662,201.0,794.0,267.0,115.0,89.0,334.0,469.0,11.608695652173912,No,No,No,No,No,14.5
166,No,McNeese State,24,10,14,0.417,-18.34,-11.46,,4.0,11.0,,7.0,5.0,,3.0,8.0,,1927.0,1722.0,,960.0,718.0,1456.0,0.493,204.0,526.0,0.388,287.0,417.0,0.688,255.0,896.0,443.0,172.0,49.0,359.0,410.0,18.458333333333332,No,No,No,No,No,15.0
167,No,Memphis,28,20,8,0.714,13.81,4.13,,11.0,4.0,,10.0,1.0,,4.0,3.0,,2027.0,1756.0,,1120.0,737.0,1661.0,0.444,218.0,600.0,0.363,335.0,543.0,0.617,339.0,1121.0,447.0,248.0,136.0,437.0,531.0,15.964285714285714,No,No,No,No,No,15.6
168,No,Mercer,29,18,11,0.621,1.28,-1.6,,8.0,9.0,,9.0,4.0,,6.0,6.0,,2225.0,2082.0,,1180.0,832.0,1738.0,0.479,250.0,673.0,0.371,311.0,433.0,0.718,252.0,1053.0,479.0,200.0,86.0,373.0,445.0,16.517241379310345,No,No,No,No,No,12.9
169,No,Merrimack,18,9,9,0.5,-9.06,-8.67,,9.0,9.0,,6.0,3.0,,3.0,6.0,,1193.0,1200.0,,725.0,434.0,967.0,0.449,126.0,398.0,0.317,199.0,300.0,0.663,124.0,556.0,216.0,144.0,68.0,245.0,305.0,12.0,No,No,No,No,No,13.6
170,No,Miami (FL),27,10,17,0.37,3.23,7.75,,4.0,15.0,,7.0,8.0,,1.0,8.0,,1794.0,1916.0,,1085.0,647.0,1524.0,0.425,150.0,508.0,0.295,350.0,500.0,0.7,257.0,944.0,305.0,179.0,104.0,340.0,333.0,11.296296296296296,No,No,No,No,No,12.6
171,No,Miami (OH),23,12,11,0.522,-2.67,-2.72,,9.0,8.0,,7.0,4.0,,5.0,6.0,,1663.0,1647.0,,925.0,598.0,1369.0,0.437,197.0,540.0,0.365,270.0,348.0,0.776,226.0,798.0,278.0,102.0,59.0,248.0,388.0,12.08695652173913,No,No,No,No,No,10.8
172,Yes,Michigan,28,23,5,0.821,22.0,11.25,,14.0,3.0,,13.0,1.0,,6.0,2.0,,2123.0,1822.0,,1125.0,771.0,1598.0,0.482,206.0,541.0,0.381,373.0,485.0,0.769,250.0,1049.0,443.0,120.0,117.0,315.0,412.0,15.821428571428571,Yes,Yes,No,No,No,11.2
173,Yes,Michigan State,28,15,13,0.536,9.8,11.48,,9.0,11.0,,12.0,3.0,,3.0,8.0,,1944.0,1991.0,,1125.0,697.0,1635.0,0.426,178.0,555.0,0.321,372.0,512.0,0.727,304.0,1048.0,444.0,125.0,132.0,364.0,554.0,15.857142857142858,No,No,No,No,No,13.0
174,No,Middle Tennessee,23,5,18,0.217,-10.78,-0.78,,3.0,13.0,,5.0,6.0,,0.0,9.0,,1426.0,1627.0,,920.0,511.0,1323.0,0.386,171.0,528.0,0.324,233.0,341.0,0.683,223.0,768.0,229.0,164.0,52.0,345.0,372.0,9.956521739130435,No,No,No,No,No,15.0
175,No,Milwaukee,22,10,12,0.455,-7.71,-6.98,,7.0,10.0,,4.0,5.0,,6.0,6.0,,1662.0,1678.0,,900.0,588.0,1348.0,0.436,159.0,484.0,0.329,327.0,447.0,0.732,197.0,770.0,285.0,134.0,47.0,244.0,405.0,12.954545454545455,No,No,No,No,No,11.1
176,No,Minnesota,29,14,15,0.483,11.04,11.73,,6.0,14.0,,13.0,4.0,,0.0,10.0,,2103.0,2123.0,,1175.0,704.0,1794.0,0.392,207.0,730.0,0.284,488.0,659.0,0.741,340.0,1067.0,399.0,183.0,134.0,324.0,538.0,13.758620689655173,No,No,No,No,No,11.2
177,No,Mississippi,28,16,12,0.571,11.18,6.0,,10.0,8.0,,10.0,4.0,,5.0,6.0,,1927.0,1782.0,,1125.0,700.0,1587.0,0.441,146.0,486.0,0.3,381.0,543.0,0.702,338.0,1024.0,342.0,211.0,109.0,392.0,481.0,12.214285714285714,No,No,No,No,No,14.0
178,No,Mississippi State,33,18,15,0.545,9.24,6.79,,8.0,10.0,,9.0,6.0,,5.0,4.0,,2287.0,2206.0,,1340.0,847.0,1866.0,0.454,179.0,522.0,0.343,414.0,629.0,0.658,400.0,1287.0,428.0,207.0,149.0,498.0,512.0,12.969696969696969,No,No,No,No,No,15.1
179,No,Mississippi Valley State,24,2,22,0.083,-38.17,-7.63,,2.0,13.0,,1.0,5.0,,1.0,16.0,,1364.0,2097.0,,960.0,480.0,1347.0,0.356,214.0,651.0,0.329,190.0,332.0,0.572,168.0,749.0,264.0,110.0,71.0,430.0,428.0,11.0,No,No,No,No,No,17.9
180,Yes,Missouri,26,16,10,0.615,12.37,10.87,,8.0,8.0,,8.0,4.0,,6.0,4.0,,1909.0,1870.0,,1050.0,668.0,1497.0,0.446,184.0,567.0,0.325,389.0,555.0,0.701,255.0,928.0,345.0,173.0,92.0,346.0,512.0,13.26923076923077,No,No,No,No,No,13.3
181,No,Missouri State,24,17,7,0.708,5.16,-0.02,,12.0,6.0,,9.0,4.0,,7.0,2.0,,1762.0,1594.0,,960.0,637.0,1332.0,0.478,180.0,515.0,0.35,308.0,415.0,0.742,188.0,887.0,325.0,112.0,69.0,305.0,369.0,13.541666666666666,No,No,No,No,No,12.7
182,No,Monmouth,20,12,8,0.6,-5.88,-7.63,,12.0,6.0,,7.0,2.0,,5.0,5.0,,1521.0,1486.0,,815.0,518.0,1226.0,0.423,154.0,424.0,0.363,331.0,468.0,0.707,198.0,749.0,280.0,166.0,70.0,268.0,415.0,14.0,No,No,No,No,No,13.4
183,No,Montana,28,15,13,0.536,-3.65,-1.57,,7.0,9.0,,8.0,4.0,,5.0,8.0,,1981.0,1876.0,,1135.0,697.0,1514.0,0.46,154.0,425.0,0.362,433.0,554.0,0.782,214.0,927.0,356.0,137.0,72.0,371.0,552.0,12.714285714285714,No,No,No,No,No,13.2
184,No,Montana State,23,13,10,0.565,-5.62,-4.62,,8.0,6.0,,5.0,3.0,,6.0,6.0,,1703.0,1655.0,,935.0,586.0,1298.0,0.451,142.0,431.0,0.329,389.0,515.0,0.755,198.0,777.0,254.0,129.0,52.0,288.0,431.0,11.043478260869565,No,No,No,No,No,12.5
185,Yes,Morehead State,31,23,8,0.742,-0.95,-4.33,,17.0,3.0,,12.0,1.0,,8.0,5.0,,2132.0,1986.0,,1250.0,765.0,1651.0,0.463,205.0,579.0,0.354,397.0,584.0,0.68,316.0,1155.0,397.0,136.0,155.0,477.0,446.0,12.806451612903226,No,No,No,No,No,15.4
186,No,Morgan State,22,14,8,0.636,-6.55,-11.24,,7.0,5.0,,5.0,5.0,,7.0,2.0,,1755.0,1606.0,,880.0,602.0,1389.0,0.433,182.0,530.0,0.343,369.0,499.0,0.739,296.0,873.0,326.0,173.0,82.0,344.0,455.0,14.818181818181818,No,No,No,No,No,15.6
187,Yes,Mount St. Mary's,23,12,11,0.522,-5.67,-6.67,,9.0,7.0,,6.0,3.0,,6.0,6.0,,1454.0,1431.0,,930.0,527.0,1241.0,0.425,152.0,455.0,0.334,248.0,370.0,0.67,241.0,858.0,266.0,98.0,98.0,297.0,340.0,11.565217391304348,No,No,No,No,No,12.9
188,No,Murray State,26,13,13,0.5,-2.86,-8.2,,10.0,10.0,,9.0,4.0,,4.0,8.0,,1986.0,1739.0,,1045.0,757.0,1522.0,0.497,212.0,576.0,0.368,260.0,387.0,0.672,239.0,939.0,435.0,175.0,91.0,347.0,432.0,16.73076923076923,No,No,No,No,No,13.3
189,No,Navy,18,15,3,0.833,1.02,-3.48,,12.0,1.0,,8.0,2.0,,6.0,1.0,,1287.0,1206.0,,730.0,466.0,1042.0,0.447,111.0,340.0,0.326,244.0,344.0,0.709,204.0,631.0,222.0,147.0,43.0,223.0,301.0,12.333333333333334,No,No,No,No,No,12.4
190,No,NC State,25,14,11,0.56,9.6,6.48,,9.0,8.0,,7.0,4.0,,5.0,5.0,,1820.0,1742.0,,1005.0,671.0,1425.0,0.471,167.0,464.0,0.36,311.0,443.0,0.702,245.0,814.0,328.0,202.0,106.0,321.0,400.0,13.12,No,No,No,No,No,12.8
191,No,Nebraska,27,7,20,0.259,6.08,12.28,,3.0,16.0,,6.0,9.0,,1.0,10.0,,1889.0,2004.0,,1085.0,671.0,1604.0,0.418,228.0,684.0,0.333,319.0,499.0,0.639,240.0,979.0,369.0,193.0,88.0,380.0,473.0,13.666666666666666,No,No,No,No,No,14.1
192,No,Nevada,26,16,10,0.615,5.4,2.12,,8.0,7.0,,10.0,2.0,,2.0,7.0,,1916.0,1812.0,,1040.0,646.0,1445.0,0.447,201.0,567.0,0.354,423.0,560.0,0.755,213.0,928.0,374.0,145.0,77.0,330.0,519.0,14.384615384615385,No,No,No,No,No,12.7
193,No,Nevada-Las Vegas,27,12,15,0.444,-1.48,1.01,,8.0,10.0,,8.0,4.0,,3.0,7.0,,1875.0,1822.0,,1080.0,706.0,1587.0,0.445,225.0,639.0,0.352,238.0,336.0,0.708,277.0,973.0,356.0,172.0,76.0,338.0,488.0,13.185185185185185,No,No,No,No,No,12.5
194,No,New Hampshire,19,10,9,0.526,-8.2,-6.7,,9.0,6.0,,5.0,6.0,,5.0,3.0,,1278.0,1266.0,,765.0,452.0,1124.0,0.402,129.0,405.0,0.319,245.0,358.0,0.684,205.0,706.0,213.0,104.0,55.0,209.0,344.0,11.210526315789474,No,No,No,No,No,11.0
195,No,New Mexico,22,6,16,0.273,-12.38,-1.73,,1.0,8.0,,,,,3.0,8.0,,1436.0,1578.0,,890.0,538.0,1303.0,0.413,105.0,382.0,0.275,255.0,426.0,0.599,291.0,839.0,277.0,126.0,87.0,328.0,397.0,12.590909090909092,No,No,No,No,No,14.9
196,No,New Mexico State,20,12,8,0.6,-1.21,-5.09,,7.0,6.0,,4.0,2.0,,5.0,5.0,,1422.0,1283.0,,800.0,492.0,1156.0,0.426,175.0,553.0,0.316,263.0,361.0,0.729,235.0,722.0,249.0,100.0,48.0,243.0,359.0,12.45,No,No,No,No,No,12.2
197,No,New Orleans,25,10,15,0.4,-10.91,-9.74,,8.0,7.0,,6.0,3.0,,2.0,10.0,,1899.0,1910.0,,1010.0,703.0,1476.0,0.476,137.0,417.0,0.329,356.0,483.0,0.737,245.0,880.0,391.0,190.0,70.0,421.0,522.0,15.64,No,No,No,No,No,16.8
198,No,Niagara,20,9,11,0.45,-7.54,-6.99,,7.0,9.0,,5.0,3.0,,3.0,7.0,,1293.0,1304.0,,800.0,448.0,1099.0,0.408,128.0,409.0,0.313,269.0,380.0,0.708,163.0,631.0,236.0,117.0,39.0,199.0,340.0,11.8,No,No,No,No,No,10.0
199,No,Nicholls State,25,18,7,0.72,-5.21,-8.71,,14.0,2.0,,8.0,1.0,,7.0,5.0,,1960.0,1831.0,,1010.0,734.0,1611.0,0.456,194.0,605.0,0.321,298.0,446.0,0.668,273.0,952.0,336.0,228.0,83.0,326.0,462.0,13.44,No,No,No,No,No,13.0
200,No,NJIT,19,7,12,0.368,-9.75,-5.7,,6.0,10.0,,3.0,5.0,,4.0,6.0,,1256.0,1333.0,,770.0,440.0,1088.0,0.404,119.0,390.0,0.305,257.0,372.0,0.691,168.0,596.0,181.0,127.0,42.0,212.0,336.0,9.526315789473685,No,No,No,No,No,11.2
201,Yes,Norfolk State,25,17,8,0.68,-6.16,-8.51,,8.0,4.0,,7.0,4.0,,6.0,3.0,,1839.0,1742.0,,1005.0,630.0,1477.0,0.427,194.0,528.0,0.367,385.0,546.0,0.705,248.0,907.0,302.0,163.0,80.0,322.0,481.0,12.08,No,No,No,No,No,12.9
202,No,North Alabama,24,13,11,0.542,-10.05,-6.3,,7.0,8.0,,8.0,4.0,,3.0,6.0,,1756.0,1666.0,,970.0,624.0,1457.0,0.428,192.0,569.0,0.337,316.0,424.0,0.745,263.0,936.0,272.0,141.0,77.0,332.0,423.0,11.333333333333334,No,No,No,No,No,13.8
203,Yes,North Carolina,29,18,11,0.621,14.79,9.52,,10.0,6.0,,10.0,1.0,,3.0,7.0,,2181.0,2028.0,,1160.0,801.0,1826.0,0.439,162.0,509.0,0.318,417.0,624.0,0.668,454.0,1242.0,443.0,204.0,137.0,423.0,486.0,15.275862068965518,No,No,No,No,No,14.6
204,No,North Carolina A&T,21,11,10,0.524,-14.27,-8.06,,7.0,1.0,,5.0,4.0,,5.0,6.0,,1517.0,1523.0,,845.0,536.0,1273.0,0.421,137.0,429.0,0.319,308.0,468.0,0.658,228.0,736.0,285.0,183.0,56.0,294.0,367.0,13.571428571428571,No,No,No,No,No,14.0
205,No,North Carolina Central,14,5,9,0.357,-15.99,-8.76,,3.0,5.0,,4.0,2.0,,0.0,6.0,,942.0,1003.0,,565.0,333.0,791.0,0.421,95.0,280.0,0.339,181.0,261.0,0.693,130.0,458.0,169.0,102.0,39.0,205.0,293.0,12.071428571428571,No,No,No,No,No,14.6
206,No,North Dakota,26,9,17,0.346,-10.35,-3.35,,8.0,8.0,,5.0,3.0,,3.0,11.0,,1787.0,1969.0,,1055.0,623.0,1454.0,0.428,190.0,564.0,0.337,351.0,503.0,0.698,214.0,844.0,306.0,134.0,55.0,340.0,448.0,11.76923076923077,No,No,No,No,No,13.1
207,No,North Dakota State,27,15,12,0.556,-0.65,-2.72,,11.0,5.0,,6.0,2.0,,5.0,7.0,,1883.0,1827.0,,1085.0,659.0,1491.0,0.442,184.0,540.0,0.341,381.0,501.0,0.76,256.0,998.0,285.0,105.0,69.0,338.0,430.0,10.555555555555555,No,No,No,No,No,12.5
208,No,North Florida,23,8,15,0.348,-11.48,-4.62,,6.0,6.0,,5.0,3.0,,3.0,10.0,,1601.0,1725.0,,920.0,570.0,1282.0,0.445,229.0,625.0,0.366,232.0,325.0,0.714,204.0,750.0,297.0,102.0,76.0,344.0,386.0,12.91304347826087,No,No,No,No,No,15.0
209,Yes,North Texas,28,18,10,0.643,7.58,1.02,,9.0,5.0,,8.0,3.0,,5.0,6.0,,1954.0,1745.0,,1130.0,717.0,1516.0,0.473,214.0,571.0,0.375,306.0,411.0,0.745,238.0,927.0,373.0,182.0,81.0,360.0,440.0,13.321428571428571,No,No,No,No,No,12.9
210,No,Northeastern,19,10,9,0.526,-1.09,0.02,,8.0,2.0,,5.0,1.0,,4.0,7.0,,1277.0,1298.0,,765.0,457.0,1044.0,0.438,162.0,458.0,0.354,201.0,271.0,0.742,126.0,623.0,234.0,119.0,44.0,257.0,299.0,12.31578947368421,No,No,No,No,No,13.5
211,No,Northern Arizona,22,6,16,0.273,-12.97,-1.61,,4.0,10.0,,1.0,7.0,,4.0,7.0,,1390.0,1640.0,,885.0,505.0,1197.0,0.422,139.0,397.0,0.35,241.0,364.0,0.662,178.0,628.0,238.0,120.0,34.0,259.0,395.0,10.818181818181818,No,No,No,No,No,11.8
212,No,Northern Colorado,22,11,11,0.5,-6.7,-4.22,,6.0,8.0,,6.0,5.0,,4.0,5.0,,1551.0,1519.0,,885.0,549.0,1221.0,0.45,199.0,528.0,0.377,254.0,381.0,0.667,175.0,758.0,242.0,95.0,59.0,309.0,397.0,11.0,No,No,No,No,No,14.0
213,No,Northern Illinois,19,3,16,0.158,-17.9,-2.8,,2.0,12.0,,2.0,7.0,,1.0,9.0,,1184.0,1471.0,,765.0,456.0,1143.0,0.399,104.0,321.0,0.324,168.0,273.0,0.615,243.0,684.0,204.0,110.0,65.0,261.0,342.0,10.736842105263158,No,No,No,No,No,13.7
214,No,Northern Iowa,25,10,15,0.4,-1.75,2.43,,7.0,11.0,,6.0,5.0,,3.0,7.0,,1738.0,1779.0,,1010.0,647.0,1461.0,0.443,186.0,572.0,0.325,258.0,378.0,0.683,229.0,890.0,329.0,161.0,64.0,326.0,380.0,13.16,No,No,No,No,No,13.0
215,No,Northern Kentucky,25,14,11,0.56,-6.78,-6.9,,11.0,7.0,,9.0,4.0,,5.0,6.0,,1784.0,1781.0,,1015.0,658.0,1477.0,0.445,179.0,584.0,0.307,289.0,410.0,0.705,305.0,872.0,295.0,161.0,41.0,312.0,417.0,11.8,No,No,No,No,No,12.5
216,No,Northwestern,24,9,15,0.375,9.71,11.76,,6.0,13.0,,7.0,6.0,,2.0,8.0,,1686.0,1681.0,,970.0,607.0,1401.0,0.433,200.0,566.0,0.353,272.0,379.0,0.718,180.0,808.0,352.0,148.0,63.0,284.0,424.0,14.666666666666666,No,No,No,No,No,11.8
217,No,Northwestern State,29,11,18,0.379,-13.48,-4.94,,9.0,7.0,,6.0,4.0,,4.0,12.0,,2106.0,2312.0,,1170.0,770.0,1788.0,0.431,210.0,603.0,0.348,356.0,530.0,0.672,297.0,1031.0,376.0,202.0,85.0,419.0,544.0,12.96551724137931,No,No,No,No,No,14.4
218,No,Notre Dame,26,11,15,0.423,7.73,9.38,,7.0,11.0,,6.0,5.0,,4.0,8.0,,1890.0,1933.0,,1040.0,679.0,1479.0,0.459,236.0,642.0,0.368,296.0,383.0,0.773,187.0,868.0,387.0,111.0,102.0,275.0,334.0,14.884615384615385,No,No,No,No,No,10.6
219,No,Oakland,30,12,18,0.4,-9.33,-2.8,,10.0,10.0,,5.0,4.0,,6.0,11.0,,2240.0,2436.0,,1240.0,773.0,1855.0,0.417,259.0,778.0,0.333,435.0,616.0,0.706,346.0,1054.0,444.0,248.0,56.0,390.0,441.0,14.8,No,No,No,No,No,13.0
220,Yes,Ohio,25,17,8,0.68,5.48,-0.57,,9.0,5.0,,8.0,3.0,,4.0,4.0,,1980.0,1815.0,,1000.0,728.0,1519.0,0.479,209.0,593.0,0.352,315.0,448.0,0.703,240.0,883.0,437.0,161.0,52.0,301.0,396.0,17.48,No,No,No,No,No,12.0
221,Yes,Ohio State,31,21,10,0.677,18.25,12.19,,12.0,8.0,,10.0,4.0,,7.0,4.0,,2392.0,2204.0,,1255.0,819.0,1786.0,0.459,252.0,700.0,0.36,502.0,664.0,0.756,302.0,1135.0,406.0,140.0,108.0,329.0,571.0,13.096774193548388,No,No,No,No,No,10.6
222,Yes,Oklahoma,27,16,11,0.593,13.52,8.86,,9.0,8.0,,10.0,3.0,,4.0,7.0,,2012.0,1886.0,,1095.0,722.0,1630.0,0.443,212.0,622.0,0.341,356.0,478.0,0.745,259.0,965.0,359.0,193.0,98.0,296.0,398.0,13.296296296296296,No,No,No,No,No,11.0
223,Yes,Oklahoma State,30,21,9,0.7,13.65,9.78,,11.0,7.0,,10.0,3.0,,8.0,4.0,,2297.0,2181.0,,1225.0,816.0,1780.0,0.458,190.0,573.0,0.332,475.0,669.0,0.71,332.0,1150.0,385.0,224.0,132.0,467.0,516.0,12.833333333333334,No,No,No,No,No,15.6
224,No,Old Dominion,23,15,8,0.652,-1.1,-0.87,,11.0,5.0,,9.0,1.0,,6.0,6.0,,1571.0,1556.0,,925.0,586.0,1308.0,0.448,113.0,392.0,0.288,286.0,413.0,0.692,224.0,826.0,278.0,172.0,86.0,291.0,365.0,12.08695652173913,No,No,No,No,No,12.7
225,No,Omaha,25,5,20,0.2,-12.73,-2.09,,3.0,11.0,,1.0,5.0,,3.0,12.0,,1683.0,1949.0,,1000.0,625.0,1494.0,0.418,133.0,397.0,0.335,300.0,436.0,0.688,212.0,853.0,236.0,141.0,75.0,327.0,471.0,9.44,No,No,No,No,No,13.1
226,Yes,Oral Roberts,29,18,11,0.621,1.73,-0.04,,10.0,5.0,,8.0,3.0,,5.0,7.0,,2352.0,2192.0,,1165.0,811.0,1805.0,0.449,323.0,850.0,0.38,407.0,496.0,0.821,237.0,1006.0,370.0,191.0,111.0,330.0,502.0,12.758620689655173,Yes,No,No,No,No,11.4
227,Yes,Oregon,29,21,7,0.75,16.15,9.65,,14.0,4.0,,11.0,2.0,,7.0,2.0,,2097.0,1915.0,,1160.0,779.0,1652.0,0.472,234.0,621.0,0.377,305.0,429.0,0.711,263.0,926.0,389.0,208.0,103.0,319.0,434.0,13.413793103448276,Yes,No,No,No,No,11.0
228,Yes,Oregon State,33,20,13,0.606,11.48,10.82,,10.0,10.0,,10.0,6.0,,4.0,6.0,,2325.0,2232.0,,1330.0,803.0,1842.0,0.436,230.0,645.0,0.357,489.0,642.0,0.762,334.0,1133.0,480.0,191.0,116.0,383.0,620.0,14.545454545454545,Yes,Yes,No,No,No,11.6
229,No,Pacific,18,9,9,0.5,2.64,5.23,,6.0,7.0,,6.0,2.0,,3.0,6.0,,1256.0,1272.0,,735.0,479.0,1093.0,0.438,93.0,311.0,0.299,205.0,302.0,0.679,182.0,622.0,233.0,116.0,61.0,215.0,335.0,12.944444444444445,No,No,No,No,No,11.9
230,No,Penn State,25,11,14,0.44,13.53,13.89,,7.0,12.0,,7.0,5.0,,3.0,8.0,,1816.0,1825.0,,1010.0,637.0,1562.0,0.408,221.0,654.0,0.338,321.0,435.0,0.738,305.0,913.0,335.0,198.0,59.0,286.0,446.0,13.4,No,No,No,No,No,11.4
231,No,Pennsylvania,0,0,0,,,,,,,,,,,,,,,,,,,,,,,,,,,,,,,,,,,No,No,No,No,No,
232,No,Pepperdine,27,15,12,0.556,5.65,5.01,,7.0,6.0,,7.0,5.0,,3.0,5.0,,2076.0,1988.0,,1100.0,744.0,1608.0,0.463,187.0,573.0,0.326,401.0,511.0,0.785,218.0,949.0,440.0,175.0,87.0,354.0,513.0,16.296296296296298,No,No,No,No,No,13.1
233,No,Pittsburgh,22,10,12,0.455,7.8,6.75,,6.0,10.0,,7.0,6.0,,3.0,5.0,,1566.0,1543.0,,880.0,554.0,1283.0,0.432,144.0,426.0,0.338,314.0,473.0,0.664,279.0,843.0,321.0,133.0,83.0,277.0,381.0,14.590909090909092,No,No,No,No,No,12.6
234,No,Portland,21,6,15,0.286,-12.58,5.08,,0.0,11.0,,5.0,8.0,,1.0,6.0,,1459.0,1748.0,,845.0,488.0,1187.0,0.411,153.0,451.0,0.339,330.0,426.0,0.775,138.0,600.0,250.0,132.0,61.0,292.0,340.0,11.904761904761905,No,No,No,No,No,13.9
235,No,Portland State,22,9,13,0.409,-6.33,-4.66,,6.0,8.0,,7.0,6.0,,2.0,6.0,,1512.0,1463.0,,885.0,532.0,1335.0,0.399,152.0,517.0,0.294,296.0,437.0,0.677,287.0,832.0,247.0,182.0,66.0,305.0,443.0,11.227272727272727,No,No,No,No,No,13.9
236,No,Prairie View,21,16,5,0.762,-8.02,-15.07,,13.0,0.0,,8.0,0.0,,5.0,3.0,,1497.0,1349.0,,840.0,567.0,1265.0,0.448,139.0,457.0,0.304,224.0,342.0,0.655,235.0,739.0,333.0,202.0,89.0,288.0,437.0,15.857142857142858,No,No,No,No,No,13.7
237,No,Presbyterian,22,7,15,0.318,-13.96,-9.0,,5.0,12.0,,5.0,6.0,,2.0,9.0,,1411.0,1476.0,,885.0,499.0,1199.0,0.416,128.0,418.0,0.306,285.0,416.0,0.685,248.0,739.0,235.0,154.0,49.0,334.0,440.0,10.681818181818182,No,No,No,No,No,15.2
238,No,Princeton,0,0,0,,,,,,,,,,,,,,,,,,,,,,,,,,,,,,,,,,,No,No,No,No,No,
239,No,Providence,26,13,13,0.5,8.94,8.82,,9.0,10.0,,8.0,3.0,,4.0,7.0,,1816.0,1813.0,,1060.0,657.0,1529.0,0.43,164.0,513.0,0.32,338.0,483.0,0.7,275.0,928.0,350.0,147.0,78.0,306.0,441.0,13.461538461538462,No,No,No,No,No,11.8
240,Yes,Purdue,28,18,10,0.643,15.55,11.23,,13.0,6.0,,11.0,1.0,,5.0,6.0,,1989.0,1868.0,,1130.0,714.0,1596.0,0.447,201.0,603.0,0.333,360.0,506.0,0.711,312.0,1054.0,399.0,142.0,98.0,350.0,491.0,14.25,No,No,No,No,No,12.5
241,No,Purdue-Fort Wayne,23,8,15,0.348,-12.15,-8.63,,6.0,14.0,,5.0,6.0,,3.0,9.0,,1728.0,1809.0,,955.0,631.0,1259.0,0.501,204.0,510.0,0.4,262.0,380.0,0.689,177.0,721.0,328.0,156.0,64.0,393.0,413.0,14.26086956521739,No,No,No,No,No,17.1
242,No,Quinnipiac,22,9,13,0.409,-9.1,-7.6,,7.0,10.0,,8.0,5.0,,1.0,5.0,,1485.0,1518.0,,895.0,505.0,1258.0,0.401,169.0,522.0,0.324,306.0,445.0,0.688,170.0,793.0,279.0,123.0,100.0,313.0,420.0,12.681818181818182,No,No,No,No,No,14.2
243,No,Radford,27,15,12,0.556,-6.2,-6.6,,12.0,6.0,,9.0,5.0,,6.0,6.0,,1826.0,1745.0,,1100.0,644.0,1408.0,0.457,158.0,504.0,0.313,380.0,558.0,0.681,297.0,1000.0,301.0,164.0,48.0,403.0,425.0,11.148148148148149,No,No,No,No,No,14.9
244,No,Rhode Island,25,10,15,0.4,5.29,4.93,,7.0,10.0,,6.0,3.0,,2.0,9.0,,1786.0,1777.0,,1020.0,635.0,1436.0,0.442,143.0,458.0,0.312,373.0,558.0,0.668,266.0,962.0,303.0,164.0,114.0,353.0,444.0,12.12,No,No,No,No,No,14.1
245,No,Rice,28,15,13,0.536,-3.73,-1.49,,6.0,10.0,,9.0,3.0,,3.0,9.0,,2068.0,2062.0,,1120.0,731.0,1660.0,0.44,286.0,800.0,0.358,320.0,438.0,0.731,264.0,1036.0,427.0,153.0,60.0,424.0,388.0,15.25,No,No,No,No,No,15.1
246,No,Richmond,23,14,9,0.609,9.04,5.0,,6.0,5.0,,6.0,4.0,,5.0,3.0,,1717.0,1587.0,,920.0,624.0,1321.0,0.472,173.0,484.0,0.357,296.0,407.0,0.727,154.0,692.0,327.0,204.0,49.0,241.0,356.0,14.217391304347826,No,No,No,No,No,10.5
247,No,Rider,23,6,17,0.261,-12.24,-5.76,,5.0,13.0,,1.0,8.0,,4.0,8.0,,1553.0,1702.0,,925.0,564.0,1318.0,0.428,145.0,411.0,0.353,280.0,382.0,0.733,206.0,765.0,284.0,117.0,47.0,291.0,431.0,12.347826086956522,No,No,No,No,No,12.7
248,No,Robert Morris,19,4,15,0.211,-13.2,-5.53,,3.0,12.0,,3.0,6.0,,1.0,9.0,,1374.0,1494.0,,790.0,518.0,1169.0,0.443,142.0,394.0,0.36,196.0,299.0,0.656,207.0,646.0,299.0,124.0,57.0,254.0,348.0,15.736842105263158,No,No,No,No,No,13.4
249,Yes,Rutgers,28,16,12,0.571,14.14,12.5,,10.0,10.0,,10.0,4.0,,4.0,6.0,,1939.0,1893.0,,1125.0,741.0,1652.0,0.449,172.0,551.0,0.312,285.0,448.0,0.636,272.0,988.0,384.0,213.0,144.0,321.0,490.0,13.714285714285714,No,No,No,No,No,11.5
250,No,Sacramento State,20,8,12,0.4,-7.76,-3.65,,5.0,9.0,,5.0,3.0,,3.0,8.0,,1443.0,1442.0,,815.0,531.0,1157.0,0.459,133.0,362.0,0.367,248.0,365.0,0.679,187.0,627.0,255.0,138.0,45.0,202.0,356.0,12.75,No,No,No,No,No,10.1
251,No,Sacred Heart,18,9,9,0.5,-12.19,-7.47,,9.0,7.0,,4.0,3.0,,5.0,6.0,,1265.0,1350.0,,735.0,431.0,1046.0,0.412,143.0,434.0,0.329,260.0,351.0,0.741,195.0,647.0,241.0,88.0,38.0,233.0,299.0,13.38888888888889,No,No,No,No,No,12.9
252,No,Saint Francis (PA),22,6,16,0.273,-10.3,-5.8,,5.0,13.0,,4.0,6.0,,2.0,10.0,,1515.0,1614.0,,890.0,541.0,1266.0,0.427,129.0,417.0,0.309,304.0,426.0,0.714,228.0,779.0,282.0,127.0,47.0,312.0,378.0,12.818181818181818,No,No,No,No,No,14.2
253,No,Saint Joseph's,20,5,15,0.25,-4.56,5.89,,3.0,9.0,,3.0,3.0,,1.0,9.0,,1443.0,1652.0,,825.0,506.0,1238.0,0.409,191.0,609.0,0.314,240.0,331.0,0.725,165.0,675.0,287.0,120.0,36.0,281.0,358.0,14.35,No,No,No,No,No,14.0
254,No,Saint Louis,21,14,7,0.667,11.76,2.19,,6.0,4.0,,12.0,1.0,,1.0,4.0,,1575.0,1374.0,,840.0,586.0,1269.0,0.462,137.0,394.0,0.348,266.0,378.0,0.704,259.0,806.0,369.0,155.0,69.0,255.0,358.0,17.571428571428573,No,No,No,No,No,12.1
255,No,Saint Mary's (CA),24,14,10,0.583,8.05,6.43,,4.0,6.0,,9.0,3.0,,2.0,3.0,,1542.0,1503.0,,960.0,562.0,1331.0,0.422,148.0,503.0,0.294,270.0,368.0,0.734,203.0,825.0,257.0,145.0,74.0,270.0,400.0,10.708333333333334,No,No,No,No,No,11.2
256,No,Saint Peter's,25,14,11,0.56,-5.48,-7.2,,10.0,8.0,,8.0,3.0,,4.0,7.0,,1580.0,1537.0,,1000.0,555.0,1386.0,0.4,154.0,477.0,0.323,316.0,453.0,0.698,275.0,926.0,292.0,201.0,133.0,371.0,500.0,11.68,No,No,No,No,No,14.8
257,No,Sam Houston State,28,19,9,0.679,-3.29,-4.87,,13.0,3.0,,12.0,1.0,,7.0,6.0,,2229.0,1969.0,,1120.0,797.0,1758.0,0.453,255.0,715.0,0.357,380.0,549.0,0.692,320.0,1033.0,435.0,237.0,88.0,402.0,565.0,15.535714285714286,No,No,No,No,No,14.4
258,No,Samford,19,6,13,0.316,-8.93,-1.63,,2.0,9.0,,4.0,5.0,,2.0,7.0,,1460.0,1510.0,,775.0,541.0,1218.0,0.444,151.0,484.0,0.312,227.0,331.0,0.686,222.0,755.0,283.0,129.0,47.0,308.0,397.0,14.894736842105264,No,No,No,No,No,16.2
259,No,San Diego,14,3,11,0.214,-5.22,5.64,,2.0,7.0,,0.0,5.0,,3.0,5.0,,927.0,1079.0,,565.0,352.0,847.0,0.416,82.0,270.0,0.304,141.0,217.0,0.65,112.0,469.0,185.0,94.0,48.0,185.0,252.0,13.214285714285714,No,No,No,No,No,13.2
260,Yes,San Diego State,28,23,5,0.821,14.36,2.99,,14.0,3.0,,13.0,2.0,,6.0,2.0,,2062.0,1713.0,,1125.0,719.0,1596.0,0.451,240.0,651.0,0.369,384.0,534.0,0.719,274.0,1003.0,390.0,229.0,78.0,310.0,515.0,13.928571428571429,No,No,No,No,No,11.1
261,No,San Francisco,25,11,14,0.44,6.0,3.84,,4.0,9.0,,3.0,5.0,,4.0,6.0,,1786.0,1732.0,,1000.0,647.0,1515.0,0.427,259.0,762.0,0.34,233.0,324.0,0.719,226.0,831.0,298.0,179.0,83.0,292.0,483.0,11.92,No,No,No,No,No,11.7
262,No,San Jose State,21,5,16,0.238,-17.5,0.98,,2.0,12.0,,4.0,6.0,,0.0,8.0,,1381.0,1708.0,,840.0,493.0,1257.0,0.392,157.0,494.0,0.318,238.0,364.0,0.654,173.0,722.0,213.0,99.0,57.0,265.0,349.0,10.142857142857142,No,No,No,No,No,12.6
263,No,Santa Clara,20,12,8,0.6,-0.05,2.16,,4.0,5.0,,6.0,3.0,,4.0,3.0,,1393.0,1412.0,,800.0,486.0,1121.0,0.434,110.0,359.0,0.306,311.0,455.0,0.684,164.0,729.0,240.0,88.0,78.0,260.0,357.0,12.0,No,No,No,No,No,13.0
264,No,Seattle,23,12,11,0.522,-5.24,-3.51,,4.0,5.0,,6.0,3.0,,3.0,6.0,,1677.0,1578.0,,925.0,593.0,1426.0,0.416,186.0,593.0,0.314,305.0,416.0,0.733,238.0,776.0,264.0,151.0,80.0,246.0,434.0,11.478260869565217,No,No,No,No,No,10.7
265,No,Seton Hall,27,14,13,0.519,11.12,9.53,,10.0,9.0,,7.0,4.0,,6.0,7.0,,1924.0,1881.0,,1095.0,673.0,1525.0,0.441,180.0,561.0,0.321,398.0,544.0,0.732,276.0,941.0,347.0,170.0,118.0,350.0,442.0,12.851851851851851,No,No,No,No,No,13.0
266,No,Siena,17,12,5,0.706,-3.99,-8.58,,12.0,4.0,,6.0,2.0,,6.0,2.0,,1149.0,1071.0,,680.0,411.0,894.0,0.46,108.0,314.0,0.344,219.0,333.0,0.658,152.0,594.0,215.0,94.0,56.0,219.0,264.0,12.647058823529411,No,No,No,No,No,12.9
267,No,South Alabama,28,17,11,0.607,-6.03,-5.86,,10.0,7.0,,10.0,5.0,,6.0,5.0,,2075.0,1985.0,,1135.0,715.0,1621.0,0.441,256.0,707.0,0.362,389.0,542.0,0.718,269.0,996.0,314.0,200.0,91.0,333.0,434.0,11.214285714285714,No,No,No,No,No,11.9
268,No,South Carolina,21,6,15,0.286,3.39,10.01,,4.0,12.0,,3.0,6.0,,2.0,7.0,,1523.0,1662.0,,840.0,566.0,1364.0,0.415,142.0,466.0,0.305,249.0,381.0,0.654,268.0,755.0,280.0,176.0,77.0,313.0,401.0,13.333333333333334,No,No,No,No,No,14.9
269,No,South Carolina State,18,1,17,0.056,-24.9,-7.56,,1.0,7.0,,1.0,6.0,,0.0,11.0,,1102.0,1414.0,,720.0,401.0,1033.0,0.388,123.0,388.0,0.317,177.0,285.0,0.621,175.0,563.0,178.0,106.0,50.0,312.0,334.0,9.88888888888889,No,No,No,No,No,17.3
270,No,South Carolina Upstate,23,5,18,0.217,-13.7,-5.2,,5.0,11.0,,3.0,8.0,,2.0,10.0,,1515.0,1712.0,,920.0,538.0,1269.0,0.424,171.0,508.0,0.337,268.0,372.0,0.72,186.0,717.0,276.0,143.0,57.0,325.0,426.0,12.0,No,No,No,No,No,14.1
271,No,South Dakota,25,14,11,0.56,-1.25,-3.5,,11.0,4.0,,7.0,2.0,,5.0,4.0,,1899.0,1805.0,,1000.0,674.0,1438.0,0.469,186.0,478.0,0.389,365.0,468.0,0.78,180.0,870.0,349.0,114.0,61.0,268.0,467.0,13.96,No,No,No,No,No,10.7
272,No,South Dakota State,23,16,7,0.696,3.27,-2.05,,9.0,3.0,,8.0,1.0,,4.0,2.0,,1850.0,1690.0,,920.0,655.0,1315.0,0.498,185.0,458.0,0.404,355.0,496.0,0.716,178.0,822.0,327.0,127.0,71.0,283.0,370.0,14.217391304347826,No,No,No,No,No,12.3
273,No,South Florida,22,9,13,0.409,-0.02,6.27,,4.0,10.0,,4.0,6.0,,3.0,4.0,,1449.0,1571.0,,885.0,516.0,1277.0,0.404,138.0,422.0,0.327,279.0,438.0,0.637,275.0,831.0,251.0,116.0,62.0,308.0,378.0,11.409090909090908,No,No,No,No,No,14.0
274,No,Southeast Missouri State,27,11,16,0.407,-10.18,-7.51,,9.0,11.0,,7.0,6.0,,3.0,9.0,,1864.0,1936.0,,1110.0,630.0,1468.0,0.429,205.0,582.0,0.352,399.0,595.0,0.671,258.0,949.0,374.0,185.0,64.0,415.0,513.0,13.851851851851851,No,No,No,No,No,15.4
275,No,Southeastern Louisiana,26,8,18,0.308,-17.4,-8.02,,5.0,11.0,,3.0,4.0,,4.0,13.0,,1775.0,2019.0,,1055.0,591.0,1498.0,0.395,177.0,607.0,0.292,416.0,614.0,0.678,314.0,887.0,261.0,180.0,64.0,414.0,509.0,10.038461538461538,No,No,No,No,No,15.9
276,No,Southern,19,8,11,0.421,-13.49,-13.07,,8.0,6.0,,5.0,2.0,,3.0,7.0,,1327.0,1335.0,,775.0,465.0,1077.0,0.432,104.0,322.0,0.323,293.0,436.0,0.672,184.0,690.0,267.0,155.0,49.0,309.0,391.0,14.052631578947368,No,No,No,No,No,16.3
277,Yes,Southern California,33,25,8,0.758,20.5,10.65,,15.0,5.0,,13.0,2.0,,7.0,3.0,,2473.0,2148.0,,1340.0,904.0,1916.0,0.472,214.0,594.0,0.36,451.0,695.0,0.649,384.0,1282.0,458.0,157.0,168.0,408.0,498.0,13.878787878787879,Yes,Yes,No,No,No,12.4
278,No,Southern Illinois,26,12,14,0.462,-3.56,0.72,,5.0,13.0,,8.0,5.0,,3.0,8.0,,1704.0,1770.0,,1050.0,614.0,1362.0,0.451,210.0,560.0,0.375,266.0,400.0,0.665,139.0,772.0,352.0,160.0,48.0,311.0,370.0,13.538461538461538,No,No,No,No,No,12.0
279,No,SIU Edwardsville,26,9,17,0.346,-14.94,-6.02,,7.0,12.0,,2.0,8.0,,6.0,7.0,,1709.0,1897.0,,1040.0,619.0,1403.0,0.441,156.0,490.0,0.318,315.0,463.0,0.68,226.0,852.0,337.0,153.0,121.0,413.0,438.0,12.961538461538462,No,No,No,No,No,15.9
280,No,Southern Methodist,17,11,6,0.647,10.97,4.44,,7.0,4.0,,6.0,2.0,,5.0,2.0,,1269.0,1158.0,,680.0,456.0,999.0,0.456,130.0,371.0,0.35,227.0,312.0,0.728,176.0,624.0,260.0,104.0,77.0,238.0,298.0,15.294117647058824,No,No,No,No,No,14.0
281,No,Southern Mississippi,25,8,17,0.32,-6.88,-2.1,,4.0,13.0,,6.0,7.0,,2.0,9.0,,1605.0,1668.0,,1005.0,603.0,1396.0,0.432,134.0,421.0,0.318,265.0,392.0,0.676,208.0,878.0,303.0,148.0,52.0,352.0,398.0,12.12,No,No,No,No,No,14.1
282,No,Southern Utah,24,20,4,0.833,0.63,-5.69,,12.0,2.0,,14.0,0.0,,5.0,3.0,,2021.0,1669.0,,965.0,699.0,1475.0,0.474,211.0,618.0,0.341,412.0,551.0,0.748,263.0,946.0,338.0,168.0,63.0,290.0,405.0,14.083333333333334,No,No,No,No,No,12.1
283,Yes,St. Bonaventure,21,16,5,0.762,13.44,4.49,,11.0,4.0,,8.0,1.0,,4.0,3.0,,1471.0,1283.0,,840.0,542.0,1224.0,0.443,134.0,390.0,0.344,253.0,343.0,0.738,238.0,775.0,306.0,123.0,83.0,225.0,322.0,14.571428571428571,No,No,No,No,No,10.7
284,No,St. Francis (NY),19,9,10,0.474,-10.23,-8.38,,9.0,9.0,,4.0,6.0,,5.0,4.0,,1476.0,1511.0,,765.0,542.0,1215.0,0.446,118.0,356.0,0.331,274.0,373.0,0.735,216.0,688.0,271.0,153.0,66.0,229.0,383.0,14.263157894736842,No,No,No,No,No,12.1
285,No,St. John's (NY),27,16,11,0.593,9.41,7.19,,10.0,9.0,,11.0,3.0,,4.0,6.0,,2132.0,2072.0,,1095.0,779.0,1744.0,0.447,200.0,580.0,0.345,374.0,499.0,0.749,302.0,971.0,440.0,246.0,105.0,340.0,493.0,16.296296296296298,No,No,No,No,No,12.6
286,No,Stanford,27,14,13,0.519,10.15,10.01,,10.0,10.0,,5.0,4.0,,6.0,6.0,,1883.0,1879.0,,1100.0,678.0,1461.0,0.464,145.0,451.0,0.322,382.0,533.0,0.717,209.0,905.0,332.0,191.0,92.0,403.0,448.0,12.296296296296296,No,No,No,No,No,14.9
287,No,Stephen F. Austin,21,16,5,0.762,-1.63,-8.46,,13.0,3.0,,10.0,1.0,,6.0,4.0,,1686.0,1484.0,,850.0,622.0,1195.0,0.521,100.0,297.0,0.337,342.0,503.0,0.68,243.0,749.0,331.0,199.0,73.0,348.0,419.0,15.761904761904763,No,No,No,No,No,16.6
288,No,Stetson,27,12,15,0.444,-7.26,-4.51,,7.0,9.0,,7.0,5.0,,3.0,8.0,,1925.0,1896.0,,1090.0,687.0,1587.0,0.433,246.0,667.0,0.369,305.0,438.0,0.696,282.0,957.0,370.0,188.0,74.0,357.0,443.0,13.703703703703704,No,No,No,No,No,13.2
289,No,Stony Brook,23,9,14,0.391,-6.14,-4.73,,7.0,9.0,,5.0,5.0,,4.0,8.0,,1522.0,1509.0,,930.0,543.0,1318.0,0.412,140.0,473.0,0.296,296.0,434.0,0.682,262.0,875.0,278.0,129.0,114.0,318.0,387.0,12.08695652173913,No,No,No,No,No,13.8
290,Yes,Syracuse,28,18,10,0.643,13.27,8.59,,9.0,7.0,,13.0,1.0,,2.0,7.0,,2095.0,1964.0,,1125.0,743.0,1681.0,0.442,237.0,678.0,0.35,372.0,476.0,0.782,285.0,990.0,419.0,227.0,141.0,317.0,409.0,14.964285714285714,Yes,No,No,No,No,11.3
291,No,Tarleton State,20,10,10,0.5,-7.28,-3.02,,5.0,7.0,,6.0,3.0,,4.0,7.0,,1467.0,1246.0,,800.0,530.0,1129.0,0.469,110.0,291.0,0.378,297.0,412.0,0.721,170.0,639.0,294.0,209.0,53.0,231.0,391.0,14.7,No,No,No,No,No,11.6
292,No,TCU,26,12,14,0.462,2.61,6.99,,5.0,11.0,,6.0,7.0,,3.0,6.0,,1738.0,1852.0,,1045.0,625.0,1428.0,0.438,175.0,518.0,0.338,311.0,463.0,0.672,255.0,900.0,338.0,157.0,90.0,369.0,407.0,13.0,No,No,No,No,No,14.2
293,No,Temple,16,5,11,0.313,2.57,5.57,,4.0,10.0,,3.0,5.0,,2.0,5.0,,1053.0,1101.0,,640.0,348.0,868.0,0.401,115.0,336.0,0.342,242.0,338.0,0.716,148.0,580.0,214.0,67.0,39.0,213.0,281.0,13.375,No,No,No,No,No,13.3
294,Yes,Tennessee,27,18,9,0.667,16.87,8.46,,10.0,7.0,,13.0,3.0,,4.0,4.0,,1941.0,1714.0,,1080.0,682.0,1554.0,0.439,178.0,538.0,0.331,399.0,535.0,0.746,294.0,968.0,401.0,196.0,130.0,337.0,444.0,14.851851851851851,No,No,No,No,No,12.5
295,No,Tennessee State,23,4,19,0.174,-14.1,-7.23,,3.0,17.0,,4.0,8.0,,0.0,11.0,,1573.0,1702.0,,930.0,568.0,1342.0,0.423,138.0,480.0,0.288,299.0,438.0,0.683,215.0,775.0,268.0,170.0,73.0,353.0,478.0,11.652173913043478,No,No,No,No,No,15.3
296,No,Tennessee Tech,27,5,22,0.185,-14.13,-3.84,,5.0,15.0,,5.0,6.0,,0.0,16.0,,1797.0,2075.0,,1085.0,656.0,1517.0,0.432,208.0,648.0,0.321,277.0,410.0,0.676,245.0,908.0,382.0,176.0,62.0,430.0,430.0,14.148148148148149,No,No,No,No,No,15.9
297,No,Tennessee-Martin,24,8,16,0.333,-19.41,-5.89,,6.0,14.0,,6.0,7.0,,2.0,9.0,,1571.0,1847.0,,970.0,556.0,1393.0,0.399,165.0,495.0,0.333,294.0,409.0,0.719,260.0,775.0,289.0,172.0,62.0,343.0,429.0,12.041666666666666,No,No,No,No,No,14.3
298,Yes,Texas,27,19,8,0.704,15.51,9.36,,11.0,6.0,,8.0,5.0,,6.0,2.0,,2008.0,1842.0,,1095.0,702.0,1547.0,0.454,232.0,652.0,0.356,372.0,524.0,0.71,291.0,1036.0,357.0,176.0,110.0,393.0,531.0,13.222222222222221,No,No,No,No,No,14.6
299,No,Texas A&M,18,8,10,0.444,2.2,4.86,,2.0,8.0,,6.0,4.0,,2.0,4.0,,1157.0,1205.0,,720.0,401.0,966.0,0.415,117.0,391.0,0.299,238.0,328.0,0.726,198.0,602.0,218.0,124.0,34.0,266.0,304.0,12.11111111111111,No,No,No,No,No,14.8
300,No,Texas A&M-Corpus Christi,24,5,19,0.208,-16.77,-6.1,,2.0,13.0,,4.0,8.0,,1.0,10.0,,1554.0,1716.0,,960.0,542.0,1296.0,0.418,153.0,463.0,0.33,317.0,462.0,0.686,206.0,815.0,308.0,165.0,74.0,401.0,425.0,12.833333333333334,No,No,No,No,No,16.7
301,Yes,Texas Southern,26,17,9,0.654,-6.15,-9.03,,10.0,3.0,,8.0,2.0,,5.0,6.0,,1921.0,1806.0,,1045.0,695.0,1564.0,0.444,117.0,424.0,0.276,414.0,592.0,0.699,313.0,1064.0,314.0,182.0,115.0,399.0,465.0,12.076923076923077,No,No,No,No,No,15.3
302,No,Texas State,25,18,7,0.72,-3.85,-7.37,,12.0,3.0,,8.0,3.0,,9.0,3.0,,1660.0,1543.0,,1015.0,629.0,1361.0,0.462,139.0,366.0,0.38,263.0,372.0,0.707,231.0,822.0,339.0,172.0,73.0,332.0,422.0,13.56,No,No,No,No,No,13.3
303,Yes,Texas Tech,29,18,11,0.621,16.59,7.28,,9.0,8.0,,11.0,4.0,,5.0,4.0,,2103.0,1833.0,,1170.0,734.0,1672.0,0.439,185.0,523.0,0.354,450.0,634.0,0.71,333.0,1014.0,377.0,207.0,116.0,313.0,502.0,13.0,No,No,No,No,No,10.8
304,No,Texas-Rio Grande Valley,19,9,10,0.474,-9.63,-5.23,,2.0,5.0,,8.0,3.0,,1.0,6.0,,1376.0,1287.0,,760.0,476.0,1164.0,0.409,126.0,429.0,0.294,298.0,468.0,0.637,256.0,743.0,289.0,169.0,81.0,281.0,409.0,15.210526315789474,No,No,No,No,No,14.8
305,No,The Citadel,25,13,12,0.52,-6.07,-1.45,,5.0,11.0,,11.0,3.0,,1.0,8.0,,2019.0,1959.0,,1000.0,708.0,1566.0,0.452,256.0,720.0,0.356,347.0,495.0,0.701,237.0,944.0,389.0,136.0,108.0,302.0,405.0,15.56,No,No,No,No,No,12.1
306,No,Toledo,30,21,9,0.7,6.59,-1.88,,15.0,4.0,,12.0,1.0,,7.0,5.0,,2433.0,2179.0,,1215.0,852.0,1869.0,0.456,314.0,843.0,0.372,415.0,532.0,0.78,322.0,1129.0,480.0,184.0,74.0,332.0,458.0,16.0,No,No,No,No,No,11.1
307,No,Towson,18,4,14,0.222,-9.83,-2.33,,3.0,9.0,,4.0,4.0,,0.0,6.0,,1214.0,1349.0,,730.0,434.0,1055.0,0.411,90.0,311.0,0.289,256.0,352.0,0.727,225.0,666.0,170.0,90.0,50.0,224.0,318.0,9.444444444444445,No,No,No,No,No,12.4
308,No,Troy,28,11,17,0.393,-12.06,-4.06,,4.0,12.0,,7.0,4.0,,2.0,11.0,,1829.0,1942.0,,1125.0,636.0,1596.0,0.398,171.0,619.0,0.276,386.0,555.0,0.695,302.0,1056.0,320.0,175.0,87.0,417.0,480.0,11.428571428571429,No,No,No,No,No,14.9
309,No,Tulane,23,10,13,0.435,1.03,3.59,,4.0,12.0,,6.0,6.0,,3.0,6.0,,1470.0,1529.0,,920.0,486.0,1269.0,0.383,151.0,507.0,0.298,347.0,465.0,0.746,191.0,752.0,269.0,172.0,71.0,258.0,361.0,11.695652173913043,No,No,No,No,No,11.2
310,No,Tulsa,23,11,12,0.478,4.19,5.43,,7.0,9.0,,7.0,5.0,,4.0,4.0,,1573.0,1509.0,,920.0,566.0,1262.0,0.448,159.0,504.0,0.315,282.0,416.0,0.678,204.0,781.0,327.0,146.0,46.0,307.0,379.0,14.217391304347826,No,No,No,No,No,13.3
311,No,UAB,29,22,7,0.759,5.8,-3.83,,13.0,5.0,,15.0,2.0,,6.0,4.0,,2105.0,1748.0,,1160.0,788.0,1746.0,0.451,147.0,475.0,0.309,382.0,549.0,0.696,311.0,1063.0,308.0,231.0,121.0,304.0,441.0,10.620689655172415,No,No,No,No,No,10.5
312,No,UC Davis,18,10,8,0.556,-5.83,-4.24,,7.0,5.0,,4.0,3.0,,4.0,3.0,,1295.0,1289.0,,735.0,449.0,1020.0,0.44,102.0,315.0,0.324,295.0,376.0,0.785,160.0,571.0,195.0,135.0,50.0,261.0,359.0,10.833333333333334,No,No,No,No,No,14.5
313,No,UC Irvine,27,18,9,0.667,3.46,-0.86,,13.0,4.0,,10.0,1.0,,6.0,6.0,,1950.0,1712.0,,1090.0,729.0,1615.0,0.451,132.0,390.0,0.338,360.0,474.0,0.759,303.0,1069.0,319.0,204.0,108.0,350.0,450.0,11.814814814814815,No,No,No,No,No,13.0
314,No,UC Riverside,22,14,8,0.636,4.12,-2.43,,10.0,5.0,,5.0,4.0,,7.0,3.0,,1544.0,1400.0,,890.0,572.0,1280.0,0.447,201.0,542.0,0.371,199.0,282.0,0.706,189.0,799.0,308.0,116.0,51.0,264.0,384.0,14.0,No,No,No,No,No,12.0
315,No,UC San Diego,17,7,10,0.412,-6.95,0.98,,4.0,10.0,,7.0,3.0,,0.0,7.0,,1214.0,1226.0,,685.0,447.0,973.0,0.459,188.0,500.0,0.376,132.0,207.0,0.638,99.0,501.0,294.0,116.0,37.0,225.0,232.0,17.294117647058822,No,No,No,No,No,13.2
316,Yes,UC Santa Barbara,27,22,5,0.815,7.8,-2.08,,15.0,3.0,,11.0,0.0,,8.0,4.0,,2051.0,1696.0,,1090.0,739.0,1534.0,0.482,181.0,522.0,0.347,392.0,522.0,0.751,251.0,951.0,438.0,199.0,75.0,294.0,429.0,16.22222222222222,No,No,No,No,No,10.9
317,Yes,UCLA,32,22,10,0.688,16.3,11.34,,13.0,6.0,,11.0,1.0,,5.0,6.0,,2349.0,2190.0,,1325.0,856.0,1855.0,0.461,218.0,586.0,0.372,419.0,586.0,0.715,312.0,1117.0,437.0,158.0,89.0,336.0,514.0,13.65625,Yes,Yes,Yes,No,No,10.5
318,No,UNC Asheville,20,10,10,0.5,-6.99,-7.59,,9.0,5.0,,6.0,4.0,,4.0,6.0,,1468.0,1456.0,,815.0,548.0,1152.0,0.476,161.0,450.0,0.358,211.0,348.0,0.606,186.0,669.0,254.0,140.0,87.0,301.0,368.0,12.7,No,No,No,No,No,15.0
319,Yes,UNC Greensboro,30,21,9,0.7,3.48,-2.15,,13.0,5.0,,7.0,3.0,,10.0,3.0,,2189.0,2020.0,,1205.0,822.0,1954.0,0.421,228.0,763.0,0.299,317.0,464.0,0.683,377.0,1174.0,370.0,224.0,115.0,329.0,542.0,12.333333333333334,No,No,No,No,No,11.0
320,No,UNC Wilmington,17,7,10,0.412,-6.84,-6.47,,1.0,6.0,,3.0,4.0,,3.0,4.0,,1297.0,1253.0,,685.0,442.0,1011.0,0.437,128.0,371.0,0.345,285.0,372.0,0.766,162.0,548.0,206.0,103.0,60.0,190.0,306.0,12.117647058823529,No,No,No,No,No,11.2
321,No,UT Arlington,26,13,13,0.5,-7.23,-4.57,,9.0,8.0,,9.0,4.0,,3.0,8.0,,1916.0,1827.0,,1045.0,677.0,1659.0,0.408,235.0,659.0,0.357,327.0,444.0,0.736,303.0,973.0,356.0,215.0,124.0,311.0,434.0,13.692307692307692,No,No,No,No,No,12.0
322,No,Utah,25,12,13,0.48,11.86,9.54,,8.0,11.0,,8.0,5.0,,3.0,7.0,,1803.0,1745.0,,1010.0,656.0,1398.0,0.469,172.0,484.0,0.355,319.0,403.0,0.792,185.0,782.0,378.0,136.0,85.0,314.0,419.0,15.12,No,No,No,No,No,12.6
323,Yes,Utah State,29,20,9,0.69,10.99,1.32,,13.0,4.0,,10.0,2.0,,5.0,3.0,,2105.0,1808.0,,1160.0,773.0,1732.0,0.446,185.0,557.0,0.332,374.0,518.0,0.722,361.0,1180.0,469.0,193.0,145.0,403.0,436.0,16.17241379310345,No,No,No,No,No,13.9
324,No,Utah Tech,21,8,13,0.381,-14.01,-3.43,,4.0,10.0,,5.0,7.0,,3.0,6.0,,1461.0,1603.0,,840.0,514.0,1227.0,0.419,128.0,418.0,0.306,305.0,427.0,0.714,200.0,740.0,321.0,143.0,43.0,320.0,439.0,15.285714285714286,No,No,No,No,No,15.2
325,No,Utah Valley,22,11,11,0.5,-3.41,-1.61,,9.0,4.0,,8.0,4.0,,3.0,6.0,,1632.0,1635.0,,885.0,592.0,1246.0,0.475,116.0,335.0,0.346,332.0,526.0,0.631,239.0,854.0,370.0,115.0,101.0,329.0,431.0,16.818181818181817,No,No,No,No,No,15.0
326,No,UTEP,24,12,12,0.5,1.07,1.26,,8.0,8.0,,10.0,2.0,,2.0,9.0,,1698.0,1644.0,,965.0,608.0,1432.0,0.425,171.0,524.0,0.326,311.0,416.0,0.748,210.0,828.0,285.0,150.0,67.0,262.0,421.0,11.875,No,No,No,No,No,10.9
327,No,UTSA,26,15,11,0.577,-1.22,-0.17,,9.0,7.0,,12.0,2.0,,2.0,8.0,,2050.0,1906.0,,1040.0,768.0,1717.0,0.447,209.0,625.0,0.334,305.0,401.0,0.761,300.0,1001.0,383.0,161.0,83.0,302.0,475.0,14.73076923076923,No,No,No,No,No,11.6
328,No,Valparaiso,28,10,18,0.357,-4.21,1.14,,7.0,11.0,,6.0,6.0,,4.0,11.0,,1821.0,1902.0,,1130.0,660.0,1576.0,0.419,189.0,635.0,0.298,312.0,429.0,0.727,196.0,920.0,356.0,183.0,97.0,346.0,445.0,12.714285714285714,No,No,No,No,No,12.4
329,No,Vanderbilt,25,9,16,0.36,6.14,6.74,,3.0,13.0,,6.0,7.0,,2.0,8.0,,1794.0,1809.0,,1000.0,609.0,1416.0,0.43,233.0,667.0,0.349,343.0,466.0,0.736,246.0,843.0,318.0,175.0,65.0,346.0,440.0,12.72,No,No,No,No,No,13.8
330,No,Vermont,15,10,5,0.667,1.99,-7.61,,10.0,4.0,,6.0,3.0,,4.0,2.0,,1095.0,951.0,,610.0,383.0,828.0,0.463,116.0,337.0,0.344,213.0,273.0,0.78,126.0,524.0,211.0,75.0,39.0,183.0,266.0,14.066666666666666,No,No,No,No,No,12.2
331,Yes,Villanova,25,18,7,0.72,17.47,9.19,,11.0,4.0,,9.0,0.0,,4.0,4.0,,1870.0,1663.0,,1005.0,655.0,1446.0,0.453,229.0,648.0,0.353,331.0,434.0,0.763,232.0,847.0,374.0,127.0,47.0,227.0,387.0,14.96,Yes,No,No,No,No,9.1
332,Yes,Virginia,25,18,7,0.72,15.27,7.59,,13.0,4.0,,10.0,1.0,,6.0,3.0,,1705.0,1513.0,,1005.0,629.0,1326.0,0.474,212.0,566.0,0.375,235.0,288.0,0.816,162.0,791.0,345.0,123.0,111.0,229.0,323.0,13.8,No,No,No,No,No,9.2
333,Yes,Virginia Commonwealth,27,19,7,0.731,11.3,4.76,,10.0,4.0,,12.0,2.0,,5.0,3.0,,1864.0,1694.0,,1085.0,659.0,1460.0,0.451,168.0,510.0,0.329,378.0,497.0,0.761,238.0,890.0,347.0,240.0,140.0,380.0,485.0,12.851851851851851,No,No,No,No,No,14.1
334,No,VMI,25,13,12,0.52,-0.41,-0.78,,7.0,7.0,,11.0,1.0,,1.0,10.0,,2001.0,1897.0,,1010.0,706.0,1517.0,0.465,270.0,711.0,0.38,319.0,413.0,0.772,203.0,963.0,393.0,134.0,75.0,314.0,364.0,15.72,No,No,No,No,No,12.6
335,Yes,Virginia Tech,22,15,7,0.682,12.59,6.5,,9.0,4.0,,10.0,2.0,,3.0,3.0,,1585.0,1451.0,,895.0,558.0,1240.0,0.45,180.0,508.0,0.354,289.0,414.0,0.698,204.0,760.0,313.0,106.0,85.0,256.0,362.0,14.227272727272727,No,No,No,No,No,11.6
336,No,Wagner,20,13,7,0.65,-5.35,-7.9,,13.0,5.0,,7.0,3.0,,6.0,4.0,,1425.0,1374.0,,815.0,533.0,1205.0,0.442,117.0,368.0,0.318,242.0,337.0,0.718,247.0,713.0,258.0,147.0,51.0,246.0,406.0,12.9,No,No,No,No,No,12.3
337,No,Wake Forest,22,6,16,0.273,1.72,8.06,,3.0,15.0,,5.0,6.0,,1.0,9.0,,1458.0,1583.0,,885.0,501.0,1222.0,0.41,195.0,562.0,0.347,261.0,359.0,0.727,198.0,718.0,252.0,136.0,48.0,300.0,365.0,11.454545454545455,No,No,No,No,No,13.6
338,No,Washington,26,5,21,0.192,1.88,11.61,,4.0,16.0,,4.0,7.0,,1.0,9.0,,1759.0,2012.0,,1040.0,641.0,1513.0,0.424,197.0,593.0,0.332,280.0,397.0,0.705,213.0,811.0,280.0,158.0,95.0,355.0,472.0,10.76923076923077,No,No,No,No,No,13.7
339,No,Washington State,27,14,13,0.519,8.12,6.93,,7.0,12.0,,11.0,5.0,,3.0,6.0,,1853.0,1821.0,,1110.0,633.0,1539.0,0.411,208.0,610.0,0.341,379.0,534.0,0.71,304.0,1027.0,328.0,167.0,95.0,412.0,496.0,12.148148148148149,No,No,No,No,No,15.3
340,No,Weber State,23,17,6,0.739,3.14,-5.22,,12.0,3.0,,11.0,0.0,,6.0,5.0,,1881.0,1594.0,,920.0,656.0,1300.0,0.505,193.0,496.0,0.389,376.0,478.0,0.787,148.0,754.0,345.0,154.0,69.0,288.0,376.0,15.0,No,No,No,No,No,12.5
341,Yes,West Virginia,29,19,10,0.655,15.36,10.05,,11.0,6.0,,8.0,5.0,,7.0,2.0,,2243.0,2089.0,,1175.0,769.0,1793.0,0.429,216.0,593.0,0.364,489.0,680.0,0.719,389.0,1097.0,407.0,220.0,82.0,348.0,473.0,14.03448275862069,No,No,No,No,No,12.0
342,No,Western Carolina,27,11,16,0.407,-7.43,-2.03,,4.0,13.0,,6.0,5.0,,4.0,9.0,,2039.0,2129.0,,1105.0,716.0,1577.0,0.454,226.0,662.0,0.341,381.0,525.0,0.726,211.0,928.0,359.0,133.0,75.0,382.0,455.0,13.296296296296296,No,No,No,No,No,14.1
343,No,Western Illinois,22,7,15,0.318,-12.48,-4.62,,5.0,9.0,,2.0,5.0,,4.0,9.0,,1606.0,1746.0,,880.0,550.0,1362.0,0.404,157.0,497.0,0.316,349.0,488.0,0.715,258.0,838.0,225.0,116.0,67.0,286.0,444.0,10.227272727272727,No,No,No,No,No,13.0
344,No,Western Kentucky,29,21,8,0.724,5.19,0.5,,11.0,3.0,,11.0,2.0,,5.0,3.0,,2108.0,1972.0,,1170.0,733.0,1634.0,0.449,185.0,536.0,0.345,457.0,580.0,0.788,305.0,1093.0,395.0,187.0,134.0,413.0,410.0,13.620689655172415,No,No,No,No,No,14.2
345,No,Western Michigan,21,5,16,0.238,-11.51,-1.21,,4.0,12.0,,2.0,9.0,,3.0,7.0,,1325.0,1511.0,,840.0,499.0,1153.0,0.433,141.0,427.0,0.33,186.0,291.0,0.639,167.0,710.0,245.0,93.0,42.0,305.0,346.0,11.666666666666666,No,No,No,No,No,14.5
346,Yes,Wichita State,22,16,6,0.727,9.36,6.91,,11.0,2.0,,10.0,2.0,,5.0,2.0,,1572.0,1469.0,,890.0,533.0,1317.0,0.405,178.0,530.0,0.336,328.0,482.0,0.68,261.0,834.0,286.0,135.0,82.0,246.0,342.0,13.0,No,No,No,No,No,11.2
347,No,William & Mary,17,7,10,0.412,-11.23,-3.99,,4.0,6.0,,1.0,3.0,,5.0,6.0,,1101.0,1224.0,,685.0,388.0,948.0,0.409,98.0,342.0,0.287,227.0,303.0,0.749,170.0,574.0,183.0,90.0,56.0,232.0,265.0,10.764705882352942,No,No,No,No,No,13.6
348,Yes,Winthrop,25,23,2,0.92,4.69,-7.15,,17.0,1.0,,11.0,1.0,,10.0,0.0,,1972.0,1676.0,,1000.0,695.0,1521.0,0.457,210.0,597.0,0.352,372.0,541.0,0.688,321.0,1003.0,374.0,186.0,57.0,350.0,459.0,14.96,No,No,No,No,No,14.0
349,Yes,Wisconsin,31,18,13,0.581,17.22,11.93,,10.0,10.0,,11.0,5.0,,5.0,6.0,,2167.0,2003.0,,1250.0,767.0,1806.0,0.425,269.0,738.0,0.364,364.0,474.0,0.768,255.0,1042.0,414.0,175.0,123.0,280.0,500.0,13.35483870967742,No,No,No,No,No,9.0
350,No,Wofford,24,15,9,0.625,1.76,-0.24,,12.0,5.0,,9.0,3.0,,6.0,4.0,,1784.0,1627.0,,965.0,646.0,1374.0,0.47,246.0,692.0,0.355,246.0,349.0,0.705,216.0,829.0,351.0,160.0,48.0,306.0,380.0,14.625,No,No,No,No,No,12.8
351,No,Wright State,24,18,6,0.75,6.89,-7.65,,16.0,4.0,,9.0,4.0,,9.0,2.0,,1967.0,1618.0,,965.0,710.0,1471.0,0.483,179.0,484.0,0.37,368.0,508.0,0.724,284.0,1015.0,369.0,142.0,87.0,314.0,328.0,15.375,No,No,No,No,No,13.1
352,No,Wyoming,25,14,11,0.56,-1.23,-2.31,,5.0,9.0,,7.0,5.0,,4.0,5.0,,1915.0,1888.0,,1010.0,649.0,1442.0,0.45,251.0,704.0,0.357,366.0,509.0,0.719,203.0,816.0,351.0,145.0,54.0,281.0,468.0,14.04,No,No,No,No,No,11.2
353,No,Xavier,21,13,8,0.619,11.09,6.47,,6.0,7.0,,11.0,2.0,,2.0,5.0,,1571.0,1474.0,,850.0,589.0,1285.0,0.458,162.0,498.0,0.325,231.0,333.0,0.694,200.0,792.0,369.0,145.0,85.0,235.0,325.0,17.571428571428573,No,No,No,No,No,11.2
354,No,Yale,0,0,0,,,,,,,,,,,,,,,,,,,,,,,,,,,,,,,,,,,No,No,No,No,No,
355,No,Youngstown State,27,15,12,0.556,-9.78,-8.17,,9.0,11.0,,10.0,5.0,,5.0,7.0,,2010.0,1950.0,,1095.0,717.0,1672.0,0.429,186.0,606.0,0.307,390.0,537.0,0.726,346.0,991.0,349.0,163.0,44.0,310.0,441.0,12.925925925925926,No,No,No,No,No,11.5
